Player,G,MP,FG,FGA,FG%,3P,3PA,3P%,eFG%,FT,FTA,FT%,ORB,DRB,TRB,AST,STL,BLK,TOV,PF,PTS
Shai Gilgeous-Alexander,76,2598,860,1656,0.519,163,435,0.375,0.569,601,669,0.898,67,312,379,486,131,77,183,164,2484
Anthony Edwards,79,2871,721,1612,0.447,320,811,0.395,0.547,415,496,0.837,61,389,450,359,91,51,249,150,2177
Nikola Jokić,70,2571,786,1364,0.576,138,331,0.417,0.627,361,451,0.8,200,692,892,716,127,45,230,160,2071
Giannis Antetokounmpo,67,2289,793,1319,0.601,14,63,0.222,0.607,436,707,0.617,147,651,798,433,58,78,206,155,2036
Jayson Tatum,72,2624,662,1465,0.452,250,728,0.343,0.537,358,440,0.814,48,575,623,431,76,38,209,157,1932
Devin Booker,75,2795,654,1420,0.461,183,551,0.332,0.525,432,483,0.894,76,229,305,529,67,16,220,198,1923
Trae Young,76,2739,566,1376,0.411,218,642,0.34,0.491,491,561,0.875,36,200,236,880,91,12,355,145,1841
Tyler Herro,77,2725,651,1378,0.472,251,670,0.375,0.563,287,327,0.878,35,364,399,424,69,17,198,85,1840
Cade Cunningham,70,2452,684,1457,0.469,149,418,0.356,0.521,313,370,0.846,56,369,425,638,71,53,309,195,1830
James Harden,79,2789,531,1295,0.41,235,668,0.352,0.501,505,578,0.874,55,401,456,687,118,55,341,162,1802
Karl-Anthony Towns,72,2517,639,1215,0.526,142,338,0.42,0.584,339,409,0.829,212,708,920,222,71,50,192,249,1759
Zach LaVine,74,2602,625,1223,0.511,239,536,0.446,0.609,235,285,0.825,22,293,315,310,58,12,208,121,1724
Jalen Green,82,2697,608,1437,0.423,234,661,0.354,0.505,273,336,0.813,45,332,377,282,71,27,203,127,1723
Stephen Curry,70,2252,564,1258,0.448,311,784,0.397,0.572,279,299,0.933,40,270,310,421,80,30,200,95,1718
DeMar DeRozan,77,2768,624,1308,0.477,84,256,0.328,0.509,378,441,0.857,50,248,298,342,62,32,105,150,1710
LeBron James,70,2444,651,1270,0.513,149,396,0.376,0.571,259,331,0.782,72,474,546,575,70,39,260,99,1710
Donovan Mitchell,71,2232,585,1320,0.443,233,633,0.368,0.531,298,362,0.823,57,265,322,354,95,17,149,140,1701
Jalen Brunson,65,2301,585,1200,0.488,152,397,0.383,0.551,368,448,0.821,27,160,187,475,60,8,164,138,1690
Kevin Durant,62,2265,592,1124,0.527,160,372,0.43,0.598,303,361,0.839,23,351,374,263,50,77,190,104,1647
Jaren Jackson Jr.,74,2207,592,1213,0.488,146,389,0.375,0.548,311,398,0.781,91,326,417,148,92,113,153,257,1641
Pascal Siakam,78,2548,613,1182,0.519,126,324,0.389,0.572,226,308,0.734,133,407,540,263,70,42,109,189,1578
Darius Garland,75,2301,554,1174,0.472,212,529,0.401,0.562,224,255,0.878,47,167,214,506,91,11,189,143,1544
Coby White,74,2450,508,1121,0.453,216,584,0.37,0.55,277,307,0.902,25,248,273,330,69,16,177,154,1509
Jalen Williams,69,2237,565,1168,0.484,124,340,0.365,0.537,236,299,0.789,59,310,369,354,111,46,150,158,1490
Austin Reaves,73,2550,477,1037,0.46,200,531,0.377,0.556,321,366,0.877,61,268,329,421,81,22,177,151,1475
De'Aaron Fox,62,2241,539,1163,0.463,118,381,0.31,0.514,263,318,0.827,54,244,298,392,91,25,174,164,1459
Alperen Şengün,76,2395,567,1143,0.496,21,90,0.233,0.505,296,428,0.692,262,524,786,372,84,61,194,209,1451
Franz Wagner,60,2023,537,1161,0.463,104,352,0.295,0.507,271,311,0.871,56,286,342,284,75,21,138,147,1449
Damian Lillard,58,2093,444,992,0.448,197,524,0.376,0.547,362,393,0.921,29,243,272,410,70,10,162,97,1447
Mikal Bridges,82,3036,592,1183,0.5,164,463,0.354,0.57,96,118,0.814,71,188,259,306,75,43,132,127,1444
Jamal Murray,67,2418,531,1121,0.474,156,397,0.393,0.543,218,246,0.886,45,216,261,403,91,33,138,128,1436
Bam Adebayo,78,2674,540,1113,0.485,79,221,0.357,0.521,251,328,0.765,185,564,749,337,98,53,161,162,1410
Luka Dončić,50,1769,461,1025,0.45,177,481,0.368,0.536,309,395,0.782,40,369,409,383,89,21,179,126,1408
Jaylen Brown,63,2158,518,1118,0.463,116,358,0.324,0.515,246,322,0.764,82,286,368,286,73,19,162,154,1398
Michael Porter Jr.,77,2593,528,1048,0.504,193,489,0.395,0.596,149,194,0.768,138,402,540,165,50,38,104,157,1398
Jordan Poole,68,2001,457,1057,0.432,235,622,0.378,0.544,242,274,0.883,31,172,203,303,86,27,204,201,1391
Tyrese Maxey,52,1960,477,1091,0.437,161,478,0.337,0.511,254,289,0.879,15,159,174,317,91,21,124,116,1369
Tyrese Haliburton,73,2451,476,1006,0.473,218,562,0.388,0.582,189,222,0.851,42,216,258,673,105,49,120,92,1359
Nikola Vučević,73,2278,550,1038,0.53,129,321,0.402,0.592,120,149,0.805,178,557,735,256,61,52,119,163,1349
Anfernee Simons,70,2292,479,1125,0.426,215,593,0.363,0.521,175,194,0.902,25,164,189,337,60,5,143,117,1348
Ivica Zubac,80,2624,592,942,0.628,0,0,,0.628,156,236,0.661,300,710,1010,214,55,90,127,168,1340
Domantas Sabonis,70,2429,527,893,0.59,65,156,0.417,0.627,218,289,0.754,267,705,972,423,48,26,202,229,1337
Malik Beasley,82,2283,461,1071,0.43,319,766,0.416,0.579,95,140,0.679,47,167,214,139,73,5,83,125,1336
Shaedon Sharpe,72,2252,499,1104,0.452,147,472,0.311,0.519,190,242,0.785,68,256,324,198,62,16,150,120,1335
OG Anunoby,74,2706,489,1027,0.476,171,460,0.372,0.559,183,226,0.81,97,261,358,164,110,65,102,172,1332
Desmond Bane,69,2205,493,1018,0.484,164,418,0.392,0.565,177,198,0.894,62,356,418,369,80,28,169,164,1327
Evan Mobley,71,2167,505,906,0.557,85,230,0.37,0.604,221,305,0.725,164,495,659,226,61,113,145,141,1316
Norman Powell,60,1958,457,945,0.484,179,428,0.418,0.578,213,265,0.804,21,169,190,125,73,9,108,114,1306
Miles Bridges,64,2029,469,1089,0.431,141,450,0.313,0.495,221,254,0.87,72,409,481,248,44,45,136,93,1300
Julius Randle,69,2226,455,939,0.485,108,314,0.344,0.542,270,335,0.806,144,343,487,323,47,16,196,175,1288
Anthony Davis,51,1706,470,910,0.516,35,124,0.282,0.536,286,369,0.775,134,456,590,181,59,110,113,98,1261
Scottie Barnes,65,2134,474,1063,0.446,76,280,0.271,0.482,228,302,0.755,109,393,502,378,93,63,185,113,1252
Derrick White,76,2574,424,959,0.442,265,691,0.384,0.58,135,161,0.839,67,274,341,361,72,80,131,138,1248
Kyrie Irving,50,1804,447,945,0.473,144,359,0.401,0.549,196,214,0.916,60,180,240,231,66,23,111,101,1234
RJ Barrett,58,1869,460,982,0.468,107,306,0.35,0.523,196,311,0.63,61,305,366,314,46,17,165,137,1223
Deni Avdija,72,2161,402,844,0.476,125,342,0.365,0.55,290,372,0.78,110,412,522,281,71,35,196,171,1219
Christian Braun,79,2675,476,821,0.58,89,224,0.397,0.634,177,214,0.827,98,312,410,205,85,37,81,170,1218
Paolo Banchero,46,1582,412,911,0.452,87,272,0.32,0.5,280,385,0.727,51,294,345,219,36,28,136,97,1191
Stephon Castle,81,2162,423,988,0.428,95,333,0.285,0.476,249,344,0.724,89,208,297,332,74,22,177,164,1190
LaMelo Ball,47,1505,406,1003,0.405,179,528,0.339,0.494,193,229,0.843,47,185,232,346,54,13,167,157,1184
CJ McCollum,56,1832,444,1000,0.444,171,459,0.373,0.53,124,173,0.717,42,170,212,227,46,24,106,124,1183
Ja Morant,50,1519,404,889,0.454,88,285,0.309,0.504,263,319,0.824,34,171,205,364,61,12,185,113,1159
Collin Sexton,63,1758,416,867,0.48,110,271,0.406,0.543,217,251,0.865,60,111,171,264,47,6,160,144,1159
Bennedict Mathurin,72,2149,391,853,0.458,98,288,0.34,0.516,276,332,0.831,87,296,383,136,47,24,135,162,1156
Payton Pritchard,80,2271,409,866,0.472,255,626,0.407,0.62,71,84,0.845,102,205,307,279,70,14,83,118,1144
Naz Reid,80,2200,426,923,0.462,175,462,0.379,0.556,111,143,0.776,92,388,480,181,58,72,108,189,1138
Keyonte George,67,2109,359,919,0.391,174,507,0.343,0.485,233,285,0.818,26,227,253,377,46,9,183,111,1125
Trey Murphy III,53,1854,381,839,0.454,158,438,0.361,0.548,204,230,0.887,47,221,268,188,56,39,103,112,1124
Myles Turner,72,2174,390,811,0.481,156,394,0.396,0.577,184,238,0.773,90,381,471,111,54,144,123,183,1120
Malik Monk,65,2054,412,939,0.439,139,428,0.325,0.513,154,178,0.865,30,215,245,362,61,38,159,158,1117
Victor Wembanyama,46,1527,408,857,0.476,142,403,0.352,0.559,158,189,0.836,82,424,506,168,52,176,149,105,1116
Jarrett Allen,82,2296,452,640,0.706,0,5,0,0.706,199,277,0.718,216,582,798,158,77,73,97,127,1103
Quentin Grimes,75,2013,384,823,0.467,162,421,0.385,0.565,162,214,0.757,59,265,324,228,74,22,141,138,1092
De'Andre Hunter,64,1740,358,762,0.47,157,388,0.405,0.573,215,254,0.846,44,214,258,92,50,13,82,155,1088
Andrew Wiggins,60,1842,376,839,0.448,130,348,0.374,0.526,196,257,0.763,89,180,269,158,60,50,99,101,1078
Dyson Daniels,76,2571,455,923,0.493,80,235,0.34,0.536,83,140,0.593,124,325,449,333,229,55,155,175,1073
Cameron Johnson,57,1800,355,747,0.475,159,408,0.39,0.582,201,225,0.893,54,193,247,194,53,25,99,104,1070
Dillon Brooks,75,2388,384,895,0.429,186,469,0.397,0.533,99,121,0.818,75,200,275,128,60,16,76,242,1053
Josh Hart,77,2897,404,770,0.525,84,252,0.333,0.579,159,205,0.776,161,576,737,453,119,27,158,201,1051
Brook Lopez,80,2546,394,774,0.509,139,373,0.373,0.599,114,138,0.826,113,288,401,143,50,148,84,171,1041
Devin Vassell,64,1983,394,889,0.443,158,429,0.368,0.532,95,120,0.792,34,221,255,183,84,33,88,108,1041
Josh Giddey,70,2117,371,798,0.465,105,278,0.378,0.531,175,224,0.781,127,439,566,503,84,45,202,122,1022
Harrison Barnes,82,2230,347,683,0.508,156,360,0.433,0.622,161,199,0.809,97,213,310,136,39,14,50,75,1011
Klay Thompson,72,1965,361,877,0.412,216,553,0.391,0.535,67,74,0.905,44,202,246,145,50,30,88,81,1005
Tobias Harris,73,2305,384,805,0.477,91,264,0.345,0.534,143,166,0.861,65,367,432,162,74,57,85,138,1002
Jaden McDaniels,82,2614,398,834,0.477,100,303,0.33,0.537,104,128,0.813,129,341,470,163,110,74,95,225,1000
Russell Westbrook,75,2092,373,831,0.449,94,291,0.323,0.505,154,233,0.661,102,268,370,457,106,37,242,188,994
Onyeka Okongwu,74,2064,388,684,0.567,48,148,0.324,0.602,164,216,0.759,220,440,660,168,69,68,90,193,988
Dennis Schröder,75,2105,336,827,0.406,127,371,0.342,0.483,181,216,0.838,27,171,198,404,66,12,142,180,980
Keldon Johnson,77,1838,371,770,0.482,87,274,0.318,0.538,150,194,0.773,112,259,371,125,49,22,77,115,979
Amen Thompson,69,2225,388,697,0.557,25,91,0.275,0.575,169,247,0.684,192,372,564,265,97,89,138,167,970
Jimmy Butler,55,1746,301,597,0.504,32,104,0.308,0.531,330,392,0.842,125,171,296,298,77,18,74,52,964
Kyle Kuzma,65,1936,370,848,0.436,96,313,0.307,0.493,128,202,0.634,54,316,370,152,36,19,146,119,964
Keegan Murray,76,2610,364,820,0.444,154,449,0.343,0.538,60,72,0.833,146,361,507,109,61,69,60,186,942
Zaccharie Risacher,75,1843,357,779,0.458,122,344,0.355,0.537,106,149,0.711,86,182,268,92,52,37,92,149,942
Jalen Duren,78,2034,378,546,0.692,0,0,,0.692,162,242,0.669,277,530,807,209,54,89,136,251,918
Naji Marshall,69,1919,362,712,0.508,60,218,0.275,0.551,130,160,0.813,76,252,328,208,70,11,112,109,914
Aaron Wiggins,76,1744,355,728,0.488,130,339,0.383,0.577,74,89,0.831,81,214,295,134,60,18,69,101,914
Buddy Hield,82,1863,328,786,0.417,203,549,0.37,0.546,53,64,0.828,51,213,264,134,69,23,91,132,912
Kelly Oubre Jr.,60,2078,348,741,0.47,71,242,0.293,0.518,139,185,0.751,97,271,368,108,92,30,80,180,906
Bradley Beal,53,1702,345,694,0.497,102,264,0.386,0.571,110,137,0.803,34,143,177,195,58,28,99,136,902
Lauri Markkanen,47,1476,296,700,0.423,138,399,0.346,0.521,162,185,0.876,72,206,278,70,33,17,66,79,892
Toumani Camara,78,2548,328,716,0.458,135,360,0.375,0.552,91,126,0.722,173,277,450,175,116,50,109,230,882
Ty Jerome,70,1392,319,618,0.516,111,253,0.439,0.606,129,148,0.872,50,123,173,237,78,3,92,102,878
Spencer Dinwiddie,79,2136,284,682,0.416,109,326,0.334,0.496,195,243,0.802,18,191,209,349,70,17,102,121,872
Alex Sarr,67,1814,326,828,0.394,105,341,0.308,0.457,112,165,0.679,124,311,435,161,44,101,114,146,869
Rudy Gobert,72,2388,341,510,0.669,0,0,,0.669,184,273,0.674,265,520,785,127,56,104,89,182,866
Tim Hardaway Jr.,77,2153,276,680,0.406,168,457,0.368,0.529,124,145,0.855,18,165,183,123,38,7,48,96,844
Fred VanVleet,60,2111,287,759,0.378,159,461,0.345,0.483,111,137,0.81,32,189,221,333,94,25,87,140,844
Jonas Valančiūnas,81,1524,345,627,0.55,8,37,0.216,0.557,145,165,0.879,190,437,627,164,37,46,120,181,843
Keon Johnson,79,1925,303,779,0.389,126,401,0.314,0.47,107,139,0.77,63,234,297,175,82,30,116,209,839
Scoot Henderson,66,1759,287,685,0.419,105,297,0.354,0.496,158,206,0.767,52,146,198,335,68,13,177,181,837
P.J. Washington,57,1835,301,665,0.453,91,239,0.381,0.521,143,198,0.722,82,360,442,131,63,60,118,131,836
Obi Toppin,79,1545,317,599,0.529,110,301,0.365,0.621,89,114,0.781,56,262,318,128,46,28,68,108,833
Tyus Jones,81,2174,306,683,0.448,166,401,0.414,0.57,51,57,0.895,40,156,196,429,69,8,91,63,829
Jakob Poeltl,57,1686,363,579,0.627,1,3,0.333,0.628,97,144,0.674,189,358,547,158,66,71,111,176,824
Gary Trent Jr.,74,1893,283,657,0.431,180,433,0.416,0.568,78,92,0.848,20,148,168,87,72,4,42,124,824
Jaylen Wells,79,2043,287,676,0.425,138,392,0.352,0.527,111,135,0.822,87,181,268,135,44,8,69,146,823
Kristaps Porziņģis,42,1210,277,574,0.483,103,250,0.412,0.572,161,199,0.809,68,216,284,87,31,63,53,116,818
Duncan Robinson,74,1785,290,663,0.437,190,483,0.393,0.581,47,53,0.887,18,149,167,176,40,6,86,135,817
Julian Champagnie,82,1932,276,665,0.415,178,480,0.371,0.549,85,94,0.904,67,251,318,111,61,35,74,114,815
Santi Aldama,65,1660,313,648,0.483,120,326,0.368,0.576,65,94,0.691,94,322,416,188,52,29,71,76,811
Bub Carrington,82,2458,300,748,0.401,138,407,0.339,0.493,69,85,0.812,33,308,341,364,54,21,141,190,807
Kawhi Leonard,37,1180,310,623,0.498,78,190,0.411,0.56,98,121,0.81,35,184,219,116,59,17,72,56,796
Georges Niang,79,1697,286,620,0.461,166,409,0.406,0.595,46,58,0.793,47,225,272,111,28,14,82,201,784
Derrick Jones Jr.,77,1873,310,589,0.526,78,219,0.356,0.593,83,118,0.703,93,170,263,60,79,33,66,153,781
Scotty Pippen Jr.,79,1683,285,594,0.48,87,219,0.397,0.553,122,171,0.713,65,194,259,347,103,30,138,203,779
Gradey Dick,54,1587,265,647,0.41,114,326,0.35,0.498,133,155,0.858,44,149,193,98,48,10,83,120,777
Caris LeVert,64,1596,280,599,0.467,106,284,0.373,0.556,110,155,0.71,41,162,203,215,57,33,76,99,776
Rui Hachimura,59,1869,293,576,0.509,102,247,0.413,0.597,87,113,0.77,79,216,295,83,45,26,49,105,775
Nickeil Alexander-Walker,82,2073,270,616,0.438,141,370,0.381,0.553,92,118,0.78,54,211,265,223,50,34,99,139,773
Brice Sensabaugh,71,1432,275,599,0.459,157,372,0.422,0.59,65,73,0.89,42,168,210,110,46,8,107,111,772
Kevin Porter Jr.,75,1482,293,652,0.449,55,177,0.311,0.492,130,169,0.769,42,236,278,256,81,13,136,119,771
Guerschon Yabusele,70,1895,282,563,0.501,104,274,0.38,0.593,100,138,0.725,134,261,395,148,58,24,87,164,768
John Collins,40,1220,280,531,0.527,59,148,0.399,0.583,139,164,0.848,89,238,327,80,39,40,103,116,758
Isaiah Joe,74,1604,259,588,0.44,192,466,0.412,0.604,46,56,0.821,41,155,196,119,48,9,38,113,756
Jalen Wilson,79,2031,246,620,0.397,122,362,0.337,0.495,135,165,0.818,75,195,270,145,40,5,79,164,749
Max Christie,78,2127,252,590,0.427,115,314,0.366,0.525,130,152,0.855,38,220,258,146,64,31,88,115,749
Aaron Gordon,51,1447,264,497,0.531,75,172,0.436,0.607,145,179,0.81,80,167,247,164,23,14,73,82,748
Brandin Podziemski,64,1716,280,629,0.445,115,309,0.372,0.537,72,95,0.758,65,260,325,220,69,13,75,95,747
Zion Williamson,30,857,288,508,0.567,3,13,0.231,0.57,158,241,0.656,76,140,216,159,37,27,90,82,737
Anthony Black,78,1887,262,620,0.423,62,195,0.318,0.473,150,197,0.761,52,178,230,240,86,48,139,166,736
D'Angelo Russell,58,1480,249,638,0.39,113,360,0.314,0.479,121,145,0.834,20,142,162,297,56,23,108,115,732
Bilal Coulibaly,59,1948,263,624,0.421,63,224,0.281,0.472,138,185,0.746,91,203,294,199,78,41,125,139,727
Nic Claxton,70,1882,320,568,0.563,5,21,0.238,0.568,79,154,0.513,157,358,515,157,62,100,87,150,724
Moses Moody,74,1649,246,568,0.433,126,337,0.374,0.544,106,133,0.797,52,137,189,96,59,31,54,116,724
Donte DiVincenzo,62,1606,250,593,0.422,174,438,0.397,0.568,49,63,0.778,32,196,228,225,73,17,99,114,723
Chris Paul,82,2292,249,583,0.427,140,371,0.377,0.547,85,92,0.924,33,263,296,605,103,22,129,151,723
T.J. McConnell,79,1415,324,624,0.519,15,49,0.306,0.531,57,77,0.74,44,149,193,351,83,21,109,79,720
Luguentz Dort,71,2073,258,593,0.435,170,413,0.412,0.578,33,46,0.717,89,204,293,115,79,39,51,208,719
Jonathan Kuminga,47,1144,258,568,0.454,46,151,0.305,0.495,157,235,0.668,56,161,217,104,38,21,71,90,719
Dalton Knecht,78,1494,257,557,0.461,128,340,0.376,0.576,64,84,0.762,37,179,216,66,24,8,37,93,706
Corey Kispert,61,1602,255,565,0.451,120,330,0.364,0.558,75,88,0.852,36,145,181,103,26,14,64,98,705
Daniel Gafford,57,1226,283,403,0.702,0,0,,0.702,135,196,0.689,155,233,388,80,23,102,66,152,701
Jabari Smith Jr.,57,1716,248,566,0.438,98,277,0.354,0.525,104,126,0.825,105,294,399,60,25,41,61,123,698
Amir Coffey,72,1748,240,510,0.471,101,247,0.409,0.57,115,129,0.891,32,129,161,77,40,7,45,120,696
Kyle Filipowski,72,1522,260,518,0.502,77,220,0.35,0.576,93,143,0.65,112,328,440,140,48,22,102,171,690
Matas Buzelis,80,1511,252,555,0.454,96,266,0.361,0.541,88,108,0.815,55,223,278,79,29,75,74,128,688
Tari Eason,57,1420,272,559,0.487,63,184,0.342,0.543,79,104,0.76,128,234,362,83,97,50,65,136,686
Jrue Holiday,62,1896,254,573,0.443,108,306,0.353,0.538,70,77,0.909,76,189,265,239,66,27,77,101,686
Kevin Huerter,69,1679,257,604,0.425,132,391,0.338,0.535,35,49,0.714,30,175,205,156,66,23,67,121,681
Grayson Allen,64,1544,219,489,0.448,149,350,0.426,0.6,93,114,0.816,34,160,194,137,54,19,75,95,680
Jalen Johnson,36,1284,271,542,0.5,44,141,0.312,0.541,94,126,0.746,62,297,359,181,56,36,106,67,680
Royce O'Neale,75,1837,241,570,0.423,179,441,0.406,0.58,19,26,0.731,53,296,349,163,67,34,65,151,680
Bobby Portis,49,1244,277,595,0.466,65,178,0.365,0.52,61,73,0.836,90,321,411,104,35,26,57,94,680
Terry Rozier,64,1658,248,635,0.391,91,308,0.295,0.462,92,108,0.852,44,194,238,167,37,14,78,73,679
Jerami Grant,47,1524,214,574,0.373,108,296,0.365,0.467,141,166,0.849,26,137,163,101,41,46,65,109,677
Kentavious Caldwell-Pope,77,2279,239,544,0.439,113,330,0.342,0.543,82,95,0.863,33,136,169,136,99,34,62,136,673
Mark Williams,44,1171,270,447,0.604,0,4,0,0.604,131,163,0.804,132,315,447,109,32,54,71,105,671
Ochai Agbaji,64,1739,266,534,0.498,101,253,0.399,0.593,34,48,0.708,61,181,242,98,58,30,54,125,667
Keon Ellis,80,1948,227,464,0.489,139,321,0.433,0.639,73,86,0.849,60,152,212,120,121,63,71,176,666
Paul George,41,1334,245,570,0.43,96,268,0.358,0.514,79,97,0.814,24,195,219,178,75,20,106,101,665
Yves Missi,73,1956,269,492,0.547,0,1,0,0.547,127,204,0.623,255,346,601,99,37,98,82,145,665
Taurean Prince,80,2166,235,514,0.457,147,335,0.439,0.6,39,48,0.813,34,253,287,155,76,15,82,165,656
Andrew Nembhard,65,1881,247,539,0.458,51,175,0.291,0.506,108,136,0.794,34,182,216,326,79,11,112,149,653
Walker Kessler,58,1740,278,419,0.663,6,34,0.176,0.671,79,152,0.52,266,441,707,97,36,138,86,130,641
Isaiah Hartenstein,57,1590,279,480,0.581,0,19,0,0.581,79,117,0.675,163,448,611,219,47,62,96,171,637
Ziaire Williams,63,1541,214,520,0.412,103,302,0.341,0.511,101,123,0.821,61,226,287,84,62,28,67,149,632
Cole Anthony,67,1234,230,543,0.424,77,218,0.353,0.494,93,113,0.823,46,158,204,191,45,32,103,151,630
Wendell Carter Jr.,68,1758,226,491,0.46,37,158,0.234,0.498,129,175,0.737,151,341,492,134,52,41,77,199,618
Jeremy Sochan,54,1364,251,469,0.535,28,91,0.308,0.565,87,125,0.696,127,225,352,128,45,27,84,131,617
Isaiah Collier,71,1839,234,555,0.422,42,169,0.249,0.459,105,154,0.682,32,203,235,446,66,16,208,149,615
Draymond Green,68,1983,216,509,0.424,80,246,0.325,0.503,101,147,0.687,74,340,414,383,99,70,174,219,613
Miles McBride,64,1593,222,547,0.406,115,312,0.369,0.511,52,64,0.813,47,114,161,187,67,17,41,108,611
Zach Edey,66,1416,251,433,0.58,18,52,0.346,0.6,90,127,0.709,232,316,548,65,36,85,88,182,610
Sam Hauser,71,1541,214,474,0.451,166,399,0.416,0.627,11,11,1,44,180,224,64,41,13,23,87,605
Jordan Hawkins,56,1321,207,556,0.372,110,332,0.331,0.471,80,98,0.816,25,133,158,66,30,23,58,51,604
Jordan Clarkson,37,962,201,493,0.408,84,232,0.362,0.493,114,143,0.797,25,93,118,138,31,9,86,52,600
Cam Thomas,25,781,199,454,0.438,68,195,0.349,0.513,133,151,0.881,15,68,83,94,15,2,62,44,599
Kel'el Ware,64,1422,257,464,0.554,35,111,0.315,0.592,46,67,0.687,116,357,473,60,39,71,57,111,595
Ausar Thompson,59,1328,246,460,0.535,11,49,0.224,0.547,91,142,0.641,111,192,303,134,98,40,80,164,594
Nick Smith Jr.,60,1369,222,568,0.391,104,306,0.34,0.482,43,46,0.935,13,115,128,145,17,6,82,79,591
Kyshawn George,68,1802,203,546,0.372,114,354,0.322,0.476,70,93,0.753,49,236,285,169,68,50,97,201,590
Julian Strawther,65,1384,210,486,0.432,94,269,0.349,0.529,74,90,0.822,17,125,142,83,39,16,57,151,588
Davion Mitchell,74,2027,223,476,0.468,84,211,0.398,0.557,58,84,0.69,35,132,167,363,72,16,128,185,588
Bogdan Bogdanović,54,1348,210,492,0.427,105,289,0.363,0.534,58,66,0.879,24,135,159,146,41,11,74,127,583
Mike Conley,71,1756,187,468,0.4,127,310,0.41,0.535,81,90,0.9,32,150,182,319,79,14,75,111,582
Jose Alvarado,56,1366,204,521,0.392,111,309,0.359,0.498,60,74,0.811,27,109,136,259,74,14,86,91,579
Deandre Ayton,40,1206,265,468,0.566,6,32,0.188,0.573,40,60,0.667,124,282,406,64,31,39,69,88,576
Luke Kennard,65,1472,206,431,0.478,113,261,0.433,0.609,51,57,0.895,37,146,183,215,50,5,72,59,576
Johnny Juzang,64,1270,204,475,0.429,118,314,0.376,0.554,45,53,0.849,42,142,184,68,39,8,36,126,571
Jaime Jaquez Jr.,66,1368,213,462,0.461,37,119,0.311,0.501,107,142,0.754,84,206,290,166,61,14,98,81,570
Brandon Miller,27,924,198,491,0.403,104,293,0.355,0.509,68,79,0.861,25,106,131,98,29,20,76,74,568
Cason Wallace,68,1876,232,489,0.474,74,208,0.356,0.55,30,37,0.811,71,158,229,173,120,35,59,145,568
Jalen Suggs,35,1002,197,481,0.41,76,242,0.314,0.489,97,110,0.882,23,118,141,129,51,33,102,98,567
Ayo Dosunmu,46,1394,221,449,0.492,62,189,0.328,0.561,62,79,0.785,26,135,161,208,43,18,69,105,566
Patrick Williams,63,1576,205,516,0.397,96,272,0.353,0.49,60,83,0.723,43,194,237,124,48,32,86,88,566
Immanuel Quickley,33,918,184,438,0.42,85,225,0.378,0.517,111,128,0.867,16,101,117,191,23,4,58,61,564
Dalano Banton,67,1120,198,507,0.391,72,222,0.324,0.462,91,125,0.728,30,105,135,160,43,34,86,58,559
Peyton Watson,68,1656,204,428,0.477,48,136,0.353,0.533,95,137,0.693,47,186,233,94,48,93,56,123,551
Dorian Finney-Smith,63,1818,195,435,0.448,129,314,0.411,0.597,30,45,0.667,80,167,247,90,58,23,56,136,549
Justin Champagnie,62,1340,210,411,0.511,74,193,0.383,0.601,50,73,0.685,112,239,351,60,65,39,54,110,544
Dejounte Murray,31,1012,194,494,0.393,52,174,0.299,0.445,102,124,0.823,17,183,200,228,63,12,106,61,542
A.J. Green,73,1659,182,424,0.429,155,363,0.427,0.612,22,27,0.815,18,156,174,108,37,7,40,157,541
Aaron Nesmith,45,1123,192,379,0.507,84,195,0.431,0.617,73,80,0.913,37,141,178,54,35,17,37,114,541
Jared Butler,60,1044,203,453,0.448,60,169,0.355,0.514,75,91,0.824,25,85,110,220,42,13,80,97,541
Al Horford,60,1659,195,461,0.423,114,314,0.363,0.547,34,38,0.895,79,290,369,128,36,51,46,81,538
Brandon Clarke,64,1207,236,380,0.621,1,17,0.059,0.622,61,87,0.701,127,199,326,66,52,36,41,145,534
Tristan Da Silva,74,1629,199,483,0.412,80,239,0.335,0.495,55,63,0.873,73,172,245,113,33,18,56,94,533
Jamal Shead,75,1467,204,504,0.405,72,223,0.323,0.476,53,69,0.768,30,85,115,316,58,10,117,158,533
Ricky Council IV,73,1250,177,463,0.382,55,213,0.258,0.442,123,153,0.804,51,163,214,97,32,13,52,67,532
Nick Richards,57,1256,205,347,0.591,0,2,0,0.591,119,160,0.744,148,318,466,49,14,55,81,141,529
Jaden Ivey,30,898,190,413,0.46,63,154,0.409,0.536,85,116,0.733,40,84,124,119,28,11,89,67,528
Jalen Smith,64,962,190,408,0.466,72,222,0.324,0.554,72,89,0.809,89,268,357,65,17,44,37,95,524
Tyrese Martin,60,1315,189,465,0.406,99,282,0.351,0.513,46,58,0.793,58,161,219,122,34,9,74,77,523
Ron Holland,81,1266,197,416,0.474,36,151,0.238,0.517,92,122,0.754,40,178,218,82,49,17,72,141,522
Terance Mann,67,1414,205,413,0.496,60,163,0.368,0.569,47,68,0.691,68,131,199,121,47,15,47,128,517
Ryan Dunn,74,1410,205,477,0.43,82,264,0.311,0.516,19,39,0.487,92,175,267,57,44,40,40,162,511
Sam Merrill,71,1401,172,424,0.406,137,368,0.372,0.567,28,29,0.966,38,119,157,108,53,14,35,124,509
Josh Green,68,1887,180,421,0.428,97,248,0.391,0.543,49,72,0.681,56,116,172,108,74,15,70,165,506
Goga Bitadze,70,1430,207,339,0.611,3,28,0.107,0.615,85,133,0.639,167,296,463,137,49,98,72,150,502
Chris Boucher,50,862,182,370,0.492,70,193,0.363,0.586,68,87,0.782,70,154,224,33,24,25,29,68,502
Cameron Payne,72,1090,179,446,0.401,93,256,0.363,0.506,49,54,0.907,14,90,104,203,39,16,52,111,500
Jaden Hardy,57,907,180,414,0.435,76,197,0.386,0.527,60,86,0.698,9,80,89,81,28,5,82,90,496
Nikola Jović,46,1156,172,377,0.456,78,210,0.371,0.56,72,87,0.828,26,154,180,131,38,13,60,82,494
Clint Capela,55,1176,218,390,0.559,0,1,0,0.559,52,97,0.536,174,295,469,62,34,53,47,106,488
Chet Holmgren,32,877,167,341,0.49,44,116,0.379,0.554,101,134,0.754,48,209,257,63,23,71,56,72,479
Haywood Highsmith,74,1818,179,391,0.458,89,233,0.382,0.572,31,43,0.721,72,180,252,112,68,37,54,164,478
Cam Whitmore,51,827,179,403,0.444,65,183,0.355,0.525,54,72,0.75,36,115,151,49,31,13,46,44,477
Kris Dunn,74,1783,192,437,0.439,75,224,0.335,0.525,15,22,0.682,53,198,251,210,128,27,74,197,474
Max Strus,50,1273,165,373,0.442,113,293,0.386,0.594,28,34,0.824,53,164,217,158,26,12,54,104,471
Jarace Walker,75,1187,170,360,0.472,75,185,0.405,0.576,46,69,0.667,25,204,229,110,54,25,78,115,461
Gabe Vincent,72,1527,168,420,0.4,109,309,0.353,0.53,15,21,0.714,20,72,92,98,51,13,41,152,460
Jake LaRavia,66,1349,160,337,0.475,60,142,0.423,0.564,78,115,0.678,90,169,259,158,62,23,86,132,458
Jusuf Nurkić,51,1063,168,352,0.477,32,105,0.305,0.523,85,128,0.664,85,313,398,115,40,34,97,130,453
Joel Embiid,19,574,140,315,0.444,23,77,0.299,0.481,149,169,0.882,36,119,155,85,14,18,62,42,452
Trey Lyles,69,1349,157,374,0.42,81,238,0.34,0.528,56,80,0.7,80,236,316,82,41,23,39,86,451
Trendon Watford,44,913,164,350,0.469,29,88,0.33,0.51,93,122,0.762,37,123,160,115,27,12,83,95,450
Ja'Kobe Walter,52,1103,159,393,0.405,65,186,0.349,0.487,66,83,0.795,59,101,160,81,43,10,50,95,449
Brandon Boston Jr.,42,993,166,381,0.436,49,140,0.35,0.5,67,85,0.788,28,106,134,92,53,9,52,73,448
Simone Fontecchio,75,1237,150,373,0.402,76,227,0.335,0.504,70,84,0.833,52,163,215,65,31,12,54,95,446
Justin Edwards,44,1155,172,378,0.455,69,190,0.363,0.546,32,46,0.696,46,102,148,69,45,16,49,98,445
Seth Curry,68,1062,164,343,0.478,83,182,0.456,0.599,33,39,0.846,24,89,113,60,27,7,32,59,444
Luke Kornet,73,1361,187,280,0.668,0,3,0,0.668,67,97,0.691,190,198,388,117,36,71,31,119,441
Khris Middleton,37,843,160,337,0.475,48,133,0.361,0.546,72,84,0.857,13,124,137,150,35,8,56,75,440
Jay Huff,64,748,157,305,0.515,81,200,0.405,0.648,44,56,0.786,30,99,129,38,16,56,34,78,439
Donovan Clingan,67,1324,180,334,0.539,14,49,0.286,0.56,62,104,0.596,217,310,527,77,34,110,72,189,436
Kenrich Williams,69,1132,171,354,0.483,66,171,0.386,0.576,28,39,0.718,65,176,241,97,43,10,39,110,436
Isaiah Stewart,72,1434,176,315,0.559,17,53,0.321,0.586,66,87,0.759,130,269,399,123,28,101,68,183,435
Thomas Bryant,66,963,163,321,0.508,48,148,0.324,0.583,55,64,0.859,83,168,251,53,28,41,30,76,429
Noah Clowney,46,1042,133,372,0.358,87,261,0.333,0.474,67,80,0.838,43,138,181,40,24,21,46,105,420
Jamison Battle,59,1042,149,347,0.429,105,259,0.405,0.581,16,18,0.889,37,121,158,53,17,10,27,92,419
Jeremiah Robinson-Earl,66,1239,158,347,0.455,56,164,0.341,0.536,46,55,0.836,110,205,315,88,39,7,51,79,418
Vit Krejci,57,1153,145,292,0.497,90,206,0.437,0.651,32,45,0.711,22,134,156,147,36,26,50,105,412
Trayce Jackson-Davis,62,967,174,302,0.576,0,3,0,0.576,59,102,0.578,122,189,311,104,23,38,45,73,407
Zach Collins,64,977,153,302,0.507,32,106,0.302,0.56,69,78,0.885,102,186,288,111,29,29,60,132,407
Moussa Diabaté,71,1241,167,280,0.596,0,6,0,0.596,69,116,0.595,187,251,438,56,46,40,61,109,403
Brandon Ingram,18,595,155,333,0.465,43,115,0.374,0.53,47,55,0.855,17,83,100,93,16,11,69,45,400
Gary Payton II,62,927,171,298,0.574,31,95,0.326,0.626,27,38,0.711,53,132,185,83,52,17,39,108,400
Day'Ron Sharpe,50,907,165,317,0.521,11,45,0.244,0.538,56,74,0.757,149,181,330,91,41,42,63,113,397
Jonathan Mogbo,63,1286,156,356,0.438,17,70,0.243,0.462,60,82,0.732,109,202,311,146,55,34,70,136,389
Moritz Wagner,30,564,140,249,0.562,27,75,0.36,0.616,79,110,0.718,40,108,148,42,24,12,49,55,386
Sandro Mamukelashvili,61,681,141,281,0.502,60,161,0.373,0.609,43,58,0.741,62,125,187,48,22,17,26,60,385
Kelly Olynyk,44,891,134,268,0.5,33,79,0.418,0.562,83,108,0.769,62,144,206,128,33,19,76,123,384
Jaxson Hayes,56,1093,161,223,0.722,0,3,0,0.722,61,98,0.622,78,191,269,58,31,51,43,136,383
Alex Caruso,54,1041,140,314,0.446,60,170,0.353,0.541,42,51,0.824,38,121,159,137,87,30,37,102,382
Jonathan Isaac,71,1090,134,324,0.414,39,151,0.258,0.474,73,107,0.682,120,194,314,40,61,80,33,90,380
Precious Achiuwa,57,1170,164,327,0.502,10,36,0.278,0.517,41,69,0.594,101,216,317,55,47,42,45,81,379
Talen Horton-Tucker,58,724,133,291,0.457,41,122,0.336,0.527,72,98,0.735,19,81,100,83,21,11,40,59,379
Marcus Sasser,57,811,137,296,0.463,58,152,0.382,0.561,43,51,0.843,18,51,69,133,37,4,54,72,375
Julian Phillips,79,1123,128,287,0.446,50,153,0.327,0.533,60,76,0.789,67,102,169,39,38,20,27,108,366
Cody Martin,53,1173,136,325,0.418,43,151,0.285,0.485,43,61,0.705,53,171,224,105,56,32,51,95,358
Kyle Anderson,61,1002,142,303,0.469,25,70,0.357,0.51,48,65,0.738,53,153,206,145,40,33,37,81,357
Alec Burks,49,863,115,271,0.424,88,207,0.425,0.587,38,49,0.776,15,109,124,55,28,7,29,37,356
Caleb Martin,45,1218,129,304,0.424,37,103,0.359,0.485,61,98,0.622,53,124,177,95,46,23,56,87,356
Garrison Mathews,47,830,102,257,0.397,85,218,0.39,0.562,64,78,0.821,13,74,87,60,26,15,31,81,353
Tidjane Salaün,60,1244,114,345,0.33,58,205,0.283,0.414,67,94,0.713,70,210,280,74,29,14,58,84,353
Jared McCain,23,592,126,274,0.46,51,133,0.383,0.553,49,56,0.875,13,43,56,60,15,0,37,37,352
Ryan Rollins,56,820,132,271,0.487,49,120,0.408,0.577,36,45,0.8,21,87,108,104,42,17,53,88,349
Javonte Green,68,1258,123,287,0.429,46,141,0.326,0.509,55,76,0.724,59,159,218,56,65,31,32,98,347
Kevon Looney,76,1142,143,278,0.514,2,5,0.4,0.518,56,99,0.566,185,277,462,118,46,37,39,154,344
Aaron Holiday,62,792,117,268,0.437,72,181,0.398,0.571,34,41,0.829,13,65,78,83,19,11,37,64,340
Quinten Post,42,686,123,274,0.449,73,179,0.408,0.582,21,27,0.778,35,113,148,56,16,18,33,83,340
Bruce Brown,41,922,130,309,0.421,27,81,0.333,0.464,53,65,0.815,40,124,164,84,34,10,39,71,340
Adem Bona,58,905,135,192,0.703,0,1,0,0.703,67,100,0.67,92,153,245,27,26,69,61,125,337
Isaac Okoro,55,1053,124,267,0.464,56,151,0.371,0.569,33,46,0.717,49,81,130,68,32,16,23,104,337
Svi Mykhailiuk,38,760,118,302,0.391,70,203,0.345,0.507,28,35,0.8,22,68,90,76,19,7,52,43,334
Mason Plumlee,74,1300,125,202,0.619,0,4,0,0.619,83,128,0.648,116,339,455,134,33,47,59,154,333
Ben Sheppard,63,1228,120,287,0.418,68,199,0.342,0.537,24,27,0.889,44,133,177,85,38,14,22,125,332
Tristan Vukcevic,35,513,120,242,0.496,38,102,0.373,0.574,52,67,0.776,26,104,130,39,11,23,42,57,330
Tre Jones,46,905,128,238,0.538,19,48,0.396,0.578,55,67,0.821,31,85,116,192,37,10,35,55,330
Dalen Terry,73,987,120,268,0.448,37,104,0.356,0.517,49,69,0.71,38,86,124,97,44,15,53,114,326
Karlo Matković,42,791,135,235,0.574,21,66,0.318,0.619,34,44,0.773,64,145,209,46,22,41,43,106,325
Dean Wade,59,1252,112,271,0.413,80,222,0.36,0.561,16,30,0.533,51,198,249,76,42,20,22,101,320
DaQuan Jeffries,47,1071,118,291,0.405,55,164,0.335,0.5,24,30,0.8,37,98,135,53,26,25,35,99,315
Shake Milton,57,837,115,254,0.453,38,106,0.358,0.528,47,59,0.797,31,73,104,102,25,4,40,67,315
Dereck Lively II,36,833,134,191,0.702,0,0,,0.702,46,73,0.63,104,166,270,85,20,56,41,100,314
Nicolas Batum,78,1367,104,238,0.437,88,203,0.433,0.622,17,21,0.81,47,171,218,84,52,36,34,111,313
Jabari Walker,60,749,118,229,0.515,28,72,0.389,0.576,49,71,0.69,59,152,211,37,33,6,34,87,313
Neemias Queta,62,863,132,203,0.65,0,3,0,0.65,46,61,0.754,89,147,236,45,18,42,40,106,310
Malcolm Brogdon,24,564,104,240,0.433,16,56,0.286,0.467,81,92,0.88,21,70,91,98,13,5,38,30,305
Antonio Reeves,44,660,113,248,0.456,51,129,0.395,0.558,28,35,0.8,18,45,63,39,21,4,30,40,305
Marcus Smart,34,680,101,257,0.393,49,141,0.348,0.488,54,71,0.761,18,54,72,109,39,9,54,53,305
Orlando Robinson,44,770,116,261,0.444,17,52,0.327,0.477,54,70,0.771,89,131,220,77,17,16,49,100,303
Andre Drummond,40,751,117,234,0.5,3,20,0.15,0.506,56,90,0.622,109,201,310,34,39,18,55,94,293
Kris Murray,69,1040,117,279,0.419,27,120,0.225,0.468,26,57,0.456,76,106,182,68,35,17,43,66,287
Landry Shamet,50,762,106,230,0.461,62,156,0.397,0.596,12,18,0.667,11,50,61,27,23,2,22,52,286
Jeff Dowtin Jr.,41,621,112,230,0.487,28,70,0.4,0.548,33,45,0.733,12,48,60,78,24,12,15,29,285
Josh Okogie,40,625,94,212,0.443,32,92,0.348,0.519,63,85,0.741,45,68,113,33,48,18,31,47,283
KJ Simpson,36,842,104,301,0.346,33,130,0.254,0.4,41,50,0.82,39,70,109,112,34,6,56,56,282
Drew Eubanks,61,746,115,194,0.593,3,6,0.5,0.601,47,71,0.662,60,166,226,54,12,39,41,63,280
Jaylin Williams,47,784,97,221,0.439,61,153,0.399,0.577,23,30,0.767,48,214,262,120,22,29,35,79,278
Brandon Williams,33,487,98,188,0.521,24,60,0.4,0.585,55,66,0.833,12,46,58,76,24,5,39,33,275
KJ Martin,43,912,111,201,0.552,15,58,0.259,0.59,37,47,0.787,30,95,125,48,17,22,24,101,274
Vasilije Micić,41,785,95,273,0.348,45,125,0.36,0.43,34,41,0.829,20,69,89,128,15,0,77,45,269
Lonzo Ball,35,777,89,243,0.366,67,195,0.344,0.504,22,27,0.815,25,93,118,115,47,17,41,55,267
Tosan Evbuomwan,28,665,94,220,0.427,24,77,0.312,0.482,55,73,0.753,32,88,120,55,24,10,39,55,267
Jett Howard,60,701,98,262,0.374,55,186,0.296,0.479,16,23,0.696,20,50,70,44,13,11,36,68,267
Eric Gordon,39,768,87,204,0.426,56,137,0.409,0.564,36,48,0.75,8,38,46,65,26,12,28,32,266
Lindy Waters III,52,778,92,249,0.369,64,186,0.344,0.498,8,11,0.727,20,90,110,52,27,11,20,62,256
Ben Simmons,51,1120,116,223,0.52,0,0,,0.52,24,33,0.727,47,194,241,285,38,23,102,107,256
Oso Ighodaro,61,1045,113,187,0.604,0,2,0,0.604,29,50,0.58,66,156,222,71,28,29,39,102,255
Pelle Larsson,55,782,89,203,0.438,32,95,0.337,0.517,41,61,0.672,28,64,92,65,32,7,24,91,251
Lonnie Walker IV,20,477,89,212,0.42,45,127,0.354,0.526,24,30,0.8,6,57,63,50,10,5,25,27,247
Bol Bol,36,448,96,183,0.525,32,93,0.344,0.612,20,26,0.769,20,84,104,22,9,25,20,20,244
Caleb Houstan,58,788,80,190,0.421,64,160,0.4,0.589,15,17,0.882,19,56,75,35,22,6,13,62,239
A.J. Lawson,26,486,80,190,0.421,33,101,0.327,0.508,43,63,0.683,20,66,86,31,13,6,15,44,236
Malaki Branham,47,427,87,190,0.458,34,84,0.405,0.547,27,33,0.818,7,44,51,38,11,2,34,29,235
Ajay Mitchell,36,597,91,184,0.495,23,60,0.383,0.557,29,35,0.829,18,50,68,64,25,4,29,68,234
Monte Morris,45,571,83,195,0.426,31,86,0.36,0.505,36,42,0.857,12,55,67,73,20,3,21,23,233
Richaun Holmes,31,534,90,139,0.647,0,3,0,0.647,50,60,0.833,62,115,177,42,9,23,21,49,230
Andre Jackson Jr.,67,980,94,197,0.477,30,76,0.395,0.553,12,24,0.5,65,117,182,83,34,14,58,114,230
Cody Williams,50,1060,83,257,0.323,35,135,0.259,0.391,29,40,0.725,27,86,113,59,23,16,44,95,230
Reed Sheppard,52,654,84,239,0.351,48,142,0.338,0.452,13,16,0.813,16,62,78,75,35,17,37,53,229
Gui Santos,56,762,82,179,0.458,34,103,0.33,0.553,29,42,0.69,72,100,172,80,25,10,42,91,227
Steven Adams,58,794,91,167,0.545,0,2,0,0.545,43,93,0.462,166,161,327,66,22,28,54,60,225
AJ Johnson,29,639,82,213,0.385,24,90,0.267,0.441,32,37,0.865,8,51,59,76,12,3,35,50,220
Rob Dillingham,49,516,93,211,0.441,25,74,0.338,0.5,8,15,0.533,12,38,50,98,20,1,53,37,219
Blake Wesley,58,683,81,186,0.435,17,58,0.293,0.481,38,61,0.623,17,44,61,114,37,6,54,46,217
Pat Connaughton,41,603,83,177,0.469,26,81,0.321,0.542,24,31,0.774,19,90,109,70,9,11,24,45,216
GG Jackson II,29,459,74,199,0.372,32,95,0.337,0.452,29,40,0.725,27,65,92,29,12,5,31,30,209
DeAndre Jordan,56,691,91,140,0.65,0,0,,0.65,27,64,0.422,84,200,284,53,16,27,40,74,209
Herbert Jones,20,648,75,172,0.436,22,72,0.306,0.5,33,40,0.825,22,56,78,65,37,9,35,66,205
Larry Nance Jr.,24,463,80,155,0.516,34,76,0.447,0.626,9,13,0.692,23,80,103,38,20,13,16,37,203
Olivier-Maxence Prosper,52,584,70,174,0.402,12,51,0.235,0.437,49,76,0.645,44,82,126,40,26,6,14,28,201
Jock Landale,42,500,81,152,0.533,11,26,0.423,0.569,27,40,0.675,56,81,137,37,13,10,21,49,200
Jalen Pickett,49,666,77,180,0.428,40,101,0.396,0.539,6,8,0.75,15,56,71,107,19,5,24,38,200
Kai Jones,40,468,87,109,0.798,1,5,0.2,0.803,23,32,0.719,40,85,125,25,15,23,18,50,198
Mouhamed Gueye,33,533,72,171,0.421,21,81,0.259,0.482,32,42,0.762,44,95,139,27,28,33,15,55,197
Jamal Cain,37,502,68,158,0.43,26,80,0.325,0.513,34,50,0.68,27,58,85,22,23,9,22,46,196
Collin Gillespie,33,461,68,158,0.43,39,90,0.433,0.554,19,22,0.864,22,56,78,78,21,5,17,30,194
Duop Reath,46,469,70,166,0.422,34,106,0.321,0.524,20,22,0.909,44,48,92,26,12,14,16,41,194
Craig Porter Jr.,51,513,72,140,0.514,21,48,0.438,0.589,23,32,0.719,19,48,67,71,17,15,38,25,188
Jae'Sean Tate,52,588,70,148,0.473,16,46,0.348,0.527,32,47,0.681,50,67,117,47,26,7,22,82,188
Zeke Nnaji,57,608,70,141,0.496,17,52,0.327,0.557,27,44,0.614,33,57,90,23,25,38,14,62,184
Paul Reed,45,438,72,142,0.507,8,28,0.286,0.535,32,42,0.762,40,83,123,44,39,25,26,75,184
Tre Mann,13,319,70,161,0.435,24,60,0.4,0.509,19,21,0.905,12,26,38,39,7,4,25,24,183
Vince Williams Jr.,27,499,67,167,0.401,26,95,0.274,0.479,19,24,0.792,22,76,98,55,12,7,33,45,179
Cory Joseph,50,612,62,154,0.403,39,107,0.364,0.529,14,18,0.778,17,57,74,72,26,4,18,50,177
Dante Exum,20,372,64,134,0.478,23,53,0.434,0.563,23,31,0.742,4,29,33,56,12,3,22,34,174
Jeff Green,32,396,61,121,0.504,29,79,0.367,0.624,21,26,0.808,11,47,58,20,6,4,9,32,172
Kessler Edwards,40,608,67,135,0.496,22,54,0.407,0.578,12,13,0.923,22,93,115,42,19,20,16,62,168
Keaton Wallace,31,501,65,162,0.401,27,82,0.329,0.485,11,11,1,7,43,50,81,28,9,33,39,168
Jaylon Tyson,47,453,64,149,0.43,20,58,0.345,0.497,19,24,0.792,37,59,96,44,13,3,26,50,167
Grant Williams,16,479,54,123,0.439,27,74,0.365,0.549,31,37,0.838,18,64,82,37,18,13,28,46,166
Jaylen Clark,40,522,56,120,0.467,22,51,0.431,0.558,29,37,0.784,26,27,53,26,36,2,8,61,163
Quenton Jackson,28,381,58,122,0.475,15,40,0.375,0.537,31,40,0.775,14,30,44,53,21,5,16,43,162
Micah Potter,38,705,57,135,0.422,31,98,0.316,0.537,17,20,0.85,43,121,164,31,14,14,31,50,162
Daniel Theis,38,621,61,129,0.473,9,37,0.243,0.508,31,37,0.838,44,120,164,60,18,20,25,70,162
Jordan Goodwin,29,543,63,144,0.438,26,68,0.382,0.528,9,11,0.818,38,74,112,42,30,11,26,43,161
Charles Bassey,36,376,68,117,0.581,0,0,,0.581,21,33,0.636,56,96,152,17,14,30,23,50,157
Colby Jones,39,515,59,129,0.457,16,49,0.327,0.519,23,35,0.657,21,66,87,44,26,13,23,37,157
Rayan Rupert,52,460,58,142,0.408,16,59,0.271,0.465,23,30,0.767,26,44,70,25,16,4,30,37,155
Jevon Carter,36,321,55,146,0.377,35,105,0.333,0.497,8,10,0.8,4,35,39,40,13,3,11,15,153
David Roddy,33,410,57,125,0.456,19,61,0.311,0.532,20,26,0.769,13,71,84,35,14,9,22,20,153
Jordan Miller,37,420,58,134,0.433,8,38,0.211,0.463,28,35,0.8,23,35,58,34,17,5,26,26,152
Trevelin Queen,31,430,56,147,0.381,22,77,0.286,0.456,18,21,0.857,26,28,54,38,31,10,22,38,152
Wendell Moore Jr.,36,499,59,126,0.468,14,41,0.341,0.524,18,22,0.818,30,65,95,42,20,5,27,31,150
Bones Hyland,24,239,47,118,0.398,32,82,0.39,0.534,23,26,0.885,5,20,25,32,18,4,25,29,149
Dominick Barlow,35,375,60,113,0.531,7,27,0.259,0.562,21,33,0.636,35,50,85,19,9,16,5,47,148
Doug McDermott,42,342,50,117,0.427,44,101,0.436,0.615,3,5,0.6,3,19,22,7,4,2,6,30,147
Jarred Vanderbilt,36,581,59,121,0.488,9,32,0.281,0.525,20,36,0.556,68,114,182,41,35,10,29,67,147
Gary Harris,48,711,51,133,0.383,36,101,0.356,0.519,7,12,0.583,20,44,64,30,26,12,17,45,145
Bismack Biyombo,28,528,67,114,0.588,0,0,,0.588,10,25,0.4,43,115,158,31,16,23,27,52,144
Keion Brooks Jr.,14,332,53,109,0.486,14,43,0.326,0.55,22,30,0.733,12,46,58,13,10,10,12,30,142
Ousmane Dieng,37,405,54,125,0.432,23,71,0.324,0.524,11,16,0.688,18,63,81,31,17,7,18,33,142
Devin Carter,36,396,47,127,0.37,18,61,0.295,0.441,26,44,0.591,19,57,76,41,21,4,18,39,138
Luka Garza,39,219,52,105,0.495,10,36,0.278,0.543,24,35,0.686,31,23,54,11,6,3,12,29,138
Kyle Lowry,35,659,41,117,0.35,29,88,0.33,0.474,27,33,0.818,11,56,67,96,33,11,21,62,138
Terrence Shannon Jr.,32,339,55,114,0.482,11,31,0.355,0.531,17,21,0.81,10,37,47,32,7,5,15,27,138
Mo Bamba,32,413,52,112,0.464,15,54,0.278,0.531,19,27,0.704,32,113,145,18,9,31,20,56,138
Reggie Jackson,31,384,52,133,0.391,25,74,0.338,0.485,7,9,0.778,8,34,42,45,16,3,17,34,136
Marvin Bagley III,31,265,55,106,0.519,3,19,0.158,0.533,23,35,0.657,38,46,84,11,9,8,12,18,136
Dillon Jones,54,551,51,133,0.383,16,63,0.254,0.444,17,28,0.607,30,91,121,58,16,4,28,54,135
Isaac Jones,40,304,54,83,0.651,3,8,0.375,0.669,23,36,0.639,22,35,57,12,5,10,16,30,134
Hunter Tyson,51,400,45,120,0.375,23,74,0.311,0.471,21,28,0.75,25,53,78,20,10,6,14,44,134
Anthony Gill,51,397,43,88,0.489,10,31,0.323,0.545,33,50,0.66,18,48,66,16,9,2,10,30,129
Delon Wright,40,635,45,131,0.344,20,73,0.274,0.42,15,25,0.6,27,39,66,77,35,12,22,25,125
Colin Castleton,26,432,46,98,0.469,2,16,0.125,0.48,29,38,0.763,53,69,122,28,8,10,23,51,123
Branden Carlson,32,246,43,97,0.443,22,66,0.333,0.557,14,18,0.778,17,37,54,14,5,21,7,22,122
Kevin Love,23,251,41,115,0.357,24,67,0.358,0.461,16,23,0.696,22,72,94,22,15,4,14,21,122
Isaiah Wong,20,265,41,105,0.39,13,33,0.394,0.452,25,34,0.735,14,18,32,28,11,0,18,21,120
Josh Minott,46,276,44,90,0.489,14,43,0.326,0.567,17,19,0.895,12,35,47,18,15,12,11,34,119
Jared Rhoden,14,227,42,87,0.483,12,39,0.308,0.552,22,25,0.88,14,28,42,16,10,2,9,20,118
Robert Williams,20,351,50,78,0.641,1,3,0.333,0.647,15,17,0.882,35,83,118,21,13,33,17,31,116
Maxwell Lewis,28,327,45,108,0.417,19,50,0.38,0.505,7,10,0.7,18,37,55,19,9,7,14,29,116
Dariq Whitehead,20,246,39,96,0.406,33,74,0.446,0.578,3,5,0.6,4,25,29,12,6,1,15,22,114
Dwight Powell,55,551,42,61,0.689,2,5,0.4,0.705,28,43,0.651,47,71,118,55,18,21,18,75,114
Baylor Scheierman,31,384,39,110,0.355,26,82,0.317,0.473,9,12,0.75,19,46,65,33,17,2,12,22,113
John Konchar,46,558,41,91,0.451,23,62,0.371,0.577,7,8,0.875,37,114,151,42,30,14,16,32,112
Matisse Thybulle,15,312,42,88,0.477,21,48,0.438,0.597,7,15,0.467,14,38,52,28,33,9,13,14,112
Patty Mills,29,321,36,96,0.375,26,75,0.347,0.51,13,14,0.929,4,18,22,26,13,3,17,24,111
Damion Baugh,15,370,42,130,0.323,12,56,0.214,0.369,13,15,0.867,14,36,50,56,15,2,31,22,109
Drew Timme,9,254,45,102,0.441,9,35,0.257,0.485,10,16,0.625,17,48,65,20,4,1,15,21,109
Jaden Springer,43,365,35,90,0.389,12,48,0.25,0.456,27,38,0.711,17,41,58,33,24,4,16,42,109
Torrey Craig,26,314,38,90,0.422,24,66,0.364,0.556,8,12,0.667,27,46,73,17,8,12,8,34,108
Taj Gibson,37,409,47,95,0.495,1,2,0.5,0.5,12,20,0.6,51,69,120,21,9,18,25,54,107
Oscar Tshiebwe,14,255,42,70,0.6,0,0,,0.6,23,31,0.742,46,76,122,9,13,1,10,24,107
Cam Spencer,25,252,34,82,0.415,19,52,0.365,0.53,19,19,1,12,18,30,34,9,1,6,23,106
Jalen Hood-Schifino,15,315,37,98,0.378,14,46,0.304,0.449,18,21,0.857,3,24,27,37,5,7,18,25,106
Cam Reddish,33,589,38,94,0.404,13,47,0.277,0.473,16,26,0.615,17,49,66,22,33,10,12,43,105
Johnny Furphy,50,379,35,92,0.38,15,50,0.3,0.462,18,22,0.818,23,48,71,19,18,11,12,41,103
Maxi Kleber,34,637,37,96,0.385,13,49,0.265,0.453,16,21,0.762,25,70,95,43,9,17,23,66,103
Pat Spencer,39,250,41,101,0.406,5,22,0.227,0.431,11,15,0.733,15,31,46,48,14,3,18,20,98
Jericho Sims,53,632,45,71,0.634,0,0,,0.634,8,13,0.615,71,126,197,33,10,19,33,65,98
Jordan McLaughlin,46,314,31,72,0.431,19,46,0.413,0.563,17,22,0.773,6,24,30,51,16,1,16,18,98
Trey Jemison,38,392,41,74,0.554,0,0,,0.554,13,33,0.394,44,61,105,16,9,15,24,69,95
Reece Beekman,36,469,35,107,0.327,7,40,0.175,0.36,16,21,0.762,13,26,39,63,33,2,21,36,93
Christian Koloko,37,342,40,66,0.606,0,4,0,0.606,10,14,0.714,35,57,92,16,8,16,12,44,90
Mitchell Robinson,17,290,37,56,0.661,0,0,,0.661,13,19,0.684,52,49,101,13,16,18,10,26,87
Dru Smith,14,268,31,61,0.508,16,30,0.533,0.639,9,12,0.75,12,24,36,23,21,6,17,30,87
Lester Quiñones,13,183,31,78,0.397,13,44,0.295,0.481,11,13,0.846,4,15,19,24,3,2,14,18,86
Elfrid Payton,24,511,40,122,0.328,1,6,0.167,0.332,4,7,0.571,15,64,79,166,24,11,59,36,85
Damion Lee,25,144,27,74,0.365,9,37,0.243,0.426,20,21,0.952,3,17,20,11,6,0,10,6,83
Jordan Walsh,52,403,30,83,0.361,15,55,0.273,0.452,7,12,0.583,23,46,69,19,12,11,17,30,82
Tyler Kolek,41,296,27,82,0.329,14,47,0.298,0.415,13,17,0.765,8,19,27,70,12,4,18,26,81
Johnny Davis,34,242,32,78,0.41,7,29,0.241,0.455,9,15,0.6,10,28,38,11,15,6,7,18,80
MarJon Beauchamp,35,156,27,65,0.415,10,29,0.345,0.492,15,20,0.75,11,33,44,11,4,1,15,14,79
Jaylen Martin,16,239,31,74,0.419,7,23,0.304,0.466,9,10,0.9,11,33,44,17,9,0,12,14,78
Kobe Brown,40,272,33,72,0.458,6,26,0.231,0.5,5,7,0.714,19,46,65,24,7,4,12,23,77
Alex Reese,15,216,26,54,0.481,15,41,0.366,0.62,9,12,0.75,9,38,47,4,10,10,6,21,76
Moses Brown,13,119,34,49,0.694,0,0,,0.694,8,11,0.727,12,32,44,2,6,4,11,17,76
Lamar Stevens,17,155,29,63,0.46,8,27,0.296,0.524,8,11,0.727,4,34,38,8,5,3,10,15,74
Alex Len,46,380,32,63,0.508,2,9,0.222,0.524,8,17,0.471,38,57,95,38,9,21,20,56,74
JT Thor,20,249,25,59,0.424,6,21,0.286,0.475,15,22,0.682,20,28,48,6,8,9,9,17,71
Tristan Thompson,40,328,31,71,0.437,0,3,0,0.437,7,30,0.233,32,102,134,24,2,11,14,36,69
Marcus Bagley,10,253,27,69,0.391,5,32,0.156,0.428,8,10,0.8,23,47,70,10,9,12,7,16,67
Jaylen Nowell,8,168,26,73,0.356,8,27,0.296,0.411,7,11,0.636,6,14,20,18,1,4,8,9,67
Tyler Smith,23,122,24,50,0.48,13,30,0.433,0.61,6,8,0.75,6,19,25,4,3,4,8,11,67
Adam Flagler,37,203,25,96,0.26,14,72,0.194,0.333,1,2,0.5,7,20,27,12,8,3,4,15,65
Jeenathan Williams,20,147,27,62,0.435,6,26,0.231,0.484,5,8,0.625,5,8,13,9,8,4,14,16,65
Bronny James,27,181,21,67,0.313,9,32,0.281,0.381,11,14,0.786,4,14,18,22,9,3,13,13,62
De'Anthony Melton,6,121,22,54,0.407,13,35,0.371,0.528,5,8,0.625,6,14,20,17,7,2,10,18,62
Tony Bradley,14,113,29,45,0.644,1,3,0.333,0.656,2,6,0.333,18,24,42,6,2,9,5,11,61
Markelle Fultz,21,184,28,67,0.418,4,8,0.5,0.448,1,1,1,6,14,20,27,10,2,15,12,61
Cole Swider,10,169,22,63,0.349,15,47,0.319,0.468,0,1,0,5,22,27,3,4,2,4,12,59
Bruno Fernando,17,147,26,49,0.531,0,0,,0.531,6,8,0.75,21,30,51,18,4,9,14,27,58
Dario Šarić,16,210,21,58,0.362,7,26,0.269,0.422,7,10,0.7,14,36,50,23,7,1,15,19,56
Markieff Morris,15,165,21,70,0.3,9,36,0.25,0.364,5,6,0.833,3,20,23,21,2,3,5,16,56
Tyson Etienne,7,151,17,52,0.327,13,44,0.295,0.452,8,10,0.8,3,6,9,12,3,1,8,17,55
Killian Hayes,6,162,18,43,0.419,8,21,0.381,0.512,10,12,0.833,5,13,18,31,4,4,9,13,54
Drew Peterson,25,186,17,41,0.415,13,33,0.394,0.573,7,9,0.778,9,31,40,13,5,2,8,18,54
Kobe Bufkin,10,124,18,47,0.383,4,19,0.211,0.426,13,18,0.722,5,16,21,17,3,2,8,9,53
Garrett Temple,28,227,18,60,0.3,6,28,0.214,0.35,11,12,0.917,9,20,29,31,17,2,10,23,53
Chuma Okeke,9,196,20,40,0.5,11,28,0.393,0.638,2,3,0.667,21,26,47,15,5,4,3,5,53
Patrick Baldwin Jr.,24,107,19,35,0.543,13,23,0.565,0.729,2,4,0.5,5,20,25,3,3,2,5,7,53
Oshae Brissett,6,142,19,39,0.487,6,18,0.333,0.564,8,14,0.571,7,15,22,4,4,3,8,14,52
Ariel Hukporti,25,217,21,31,0.677,0,0,,0.677,6,13,0.462,14,37,51,11,1,15,21,32,48
Enrique Freeman,22,181,16,37,0.432,1,10,0.1,0.446,13,19,0.684,11,19,30,9,3,3,6,21,46
Kevin Knox,14,84,18,36,0.5,4,15,0.267,0.556,6,8,0.75,7,10,17,5,2,4,4,6,46
Keshad Johnson,16,98,18,26,0.692,3,7,0.429,0.75,4,9,0.444,6,22,28,4,5,4,4,11,43
Daeqwon Plowden,6,72,16,25,0.64,9,17,0.529,0.82,2,2,1,4,7,11,2,0,0,4,10,43
Jaylen Sims,6,112,12,28,0.429,6,15,0.4,0.536,12,15,0.8,3,3,6,12,3,1,8,10,42
Pete Nance,13,138,14,32,0.438,9,24,0.375,0.578,1,2,0.5,5,16,21,10,2,2,4,17,38
Emoni Bates,10,75,13,38,0.342,11,30,0.367,0.487,0,0,,0,7,7,8,1,1,2,4,37
Chris Duarte,17,74,12,26,0.462,6,15,0.4,0.577,6,8,0.75,5,15,20,9,0,0,1,7,36
Alex Ducas,21,125,12,30,0.4,10,21,0.476,0.567,2,2,1,9,17,26,5,5,0,4,12,36
Yuki Kawamura,22,93,11,30,0.367,7,23,0.304,0.483,7,9,0.778,0,12,12,19,2,0,5,8,36
Nae'Qwan Tomlin,5,63,13,32,0.406,2,10,0.2,0.438,8,11,0.727,9,12,21,2,0,1,2,9,36
Isaiah Jackson,5,84,14,23,0.609,0,0,,0.609,7,14,0.5,11,17,28,5,3,8,5,14,35
TyTy Washington Jr.,16,118,14,45,0.311,4,21,0.19,0.356,3,6,0.5,4,9,13,16,3,0,3,4,35
Xavier Tillman Sr.,33,231,13,53,0.245,5,32,0.156,0.292,3,4,0.75,10,33,43,7,11,5,14,18,34
Kylor Kelley,11,126,14,22,0.636,0,0,,0.636,6,10,0.6,12,27,39,5,1,3,4,15,34
JD Davison,16,93,12,34,0.353,4,18,0.222,0.412,5,7,0.714,2,11,13,13,5,1,13,2,33
PJ Hall,19,66,14,24,0.583,2,8,0.25,0.625,3,4,0.75,6,16,22,4,0,4,2,11,33
Trey Alexander,24,117,13,41,0.317,3,17,0.176,0.354,3,4,0.75,1,11,12,11,2,1,5,10,32
Elijah Harkless,10,138,11,35,0.314,7,25,0.28,0.414,3,6,0.5,9,12,21,8,10,1,3,18,32
Josh Richardson,8,150,11,38,0.289,6,22,0.273,0.368,4,4,1,6,6,12,12,8,1,8,17,32
Sidy Cissoko,22,114,13,30,0.433,3,13,0.231,0.483,3,9,0.333,8,13,21,15,2,1,11,10,32
Pacome Dadiet,18,111,10,31,0.323,6,19,0.316,0.419,4,6,0.667,3,15,18,5,3,2,4,7,30
RayJ Dennis,11,70,11,33,0.333,6,21,0.286,0.424,2,2,1,2,10,12,14,7,2,5,7,30
Chris Livingston,21,106,9,27,0.333,0,8,0,0.333,12,16,0.75,10,25,35,5,5,0,6,8,30
Josh Christopher,14,69,11,31,0.355,2,11,0.182,0.387,4,6,0.667,0,9,9,8,5,3,6,2,28
Marcus Garrett,4,79,11,27,0.407,3,8,0.375,0.463,3,4,0.75,1,5,6,13,3,2,6,10,28
Matt Ryan,19,68,10,31,0.323,6,19,0.316,0.419,2,2,1,0,8,8,3,2,0,3,1,28
Spencer Jones,20,125,11,34,0.324,1,17,0.059,0.338,3,3,1,8,9,17,5,5,5,5,17,26
Vlatko Čančar,13,136,10,26,0.385,4,15,0.267,0.462,0,0,,6,26,32,9,3,2,11,10,24
N'Faly Dante,4,51,10,13,0.769,0,0,,0.769,4,5,0.8,6,15,21,2,1,5,2,9,24
Jazian Gortman,16,57,9,23,0.391,4,11,0.364,0.478,2,4,0.5,1,4,5,6,2,1,5,9,24
Jae Crowder,9,103,7,22,0.318,4,15,0.267,0.409,5,6,0.833,6,14,20,6,3,0,4,10,23
Mason Jones,10,45,9,18,0.5,1,8,0.125,0.528,4,5,0.8,2,7,9,11,0,1,1,3,23
Jacob Toppin,17,76,9,22,0.409,5,10,0.5,0.523,0,0,,3,12,15,6,2,0,3,3,23
Jackson Rowe,6,52,8,17,0.471,3,10,0.3,0.559,3,6,0.5,3,8,11,4,4,0,1,4,22
E.J. Liddell,12,53,8,15,0.533,3,10,0.3,0.633,2,2,1,3,6,9,3,1,1,2,11,21
Leonard Miller,13,32,6,15,0.4,0,5,0,0.4,8,8,1,3,8,11,0,2,1,2,2,20
Cam Christie,13,59,7,24,0.292,2,13,0.154,0.333,2,4,0.5,3,9,12,6,5,1,2,4,18
Justin Minaya,19,101,8,21,0.381,2,10,0.2,0.429,0,2,0,5,5,10,7,6,1,5,12,18
Jamaree Bouyea,5,62,6,12,0.5,1,5,0.2,0.542,4,6,0.667,1,4,5,10,4,2,8,2,17
David Duke Jr.,6,34,6,14,0.429,3,6,0.5,0.536,1,2,0.5,1,4,5,4,1,0,2,1,16
Malachi Flynn,4,44,5,13,0.385,1,4,0.25,0.423,5,6,0.833,3,4,7,7,3,0,4,4,16
Joe Ingles,19,114,6,23,0.261,3,15,0.2,0.326,0,0,,2,9,11,23,2,0,9,12,15
Bobi Klintman,8,42,6,10,0.6,2,5,0.4,0.7,1,2,0.5,1,6,7,7,2,1,1,8,15
Stanley Umude,22,86,5,26,0.192,3,15,0.2,0.25,2,4,0.5,4,13,17,4,3,6,3,8,15
Taylor Hendricks,3,75,4,18,0.222,3,12,0.25,0.306,3,4,0.75,5,10,15,2,5,4,2,8,14
Jack McVeigh,9,43,5,17,0.294,4,13,0.308,0.412,0,0,,2,3,5,1,0,2,2,3,14
Tolu Smith,1,22,6,9,0.667,0,0,,0.667,2,3,0.667,4,4,8,0,0,0,2,3,14
Armel Traoré,9,67,6,19,0.316,0,7,0,0.316,2,7,0.286,2,13,15,1,4,2,3,6,14
Isaiah Crawford,15,46,5,11,0.455,1,5,0.2,0.5,2,4,0.5,1,7,8,1,1,2,1,2,13
Bryce McGowens,13,32,4,14,0.286,0,4,0,0.286,5,6,0.833,2,1,3,2,1,0,4,3,13
Luke Travers,12,88,5,20,0.25,0,9,0,0.25,2,2,1,8,12,20,8,1,1,8,6,12
Trentyn Flowers,6,27,4,11,0.364,0,2,0,0.364,3,3,1,1,3,4,0,0,0,1,4,11
Jahmir Young,6,30,4,5,0.8,1,2,0.5,0.9,2,2,1,1,2,3,6,0,0,1,2,11
Emanuel Miller,6,25,4,8,0.5,0,1,0,0.5,2,2,1,4,4,8,2,1,0,0,3,10
Jalen Bridges,8,30,2,7,0.286,2,7,0.286,0.429,3,4,0.75,0,4,4,0,0,0,4,0,9
Liam Robbins,13,57,2,8,0.25,0,2,0,0.25,5,10,0.5,7,5,12,2,2,2,6,9,9
P.J. Tucker,3,58,3,7,0.429,3,6,0.5,0.643,0,0,,4,4,8,0,1,1,1,8,9
James Johnson,12,37,4,11,0.364,0,3,0,0.364,0,1,0,0,6,6,4,0,2,4,5,8
Adama Sanogo,4,21,4,7,0.571,0,0,,0.571,0,0,,5,1,6,1,0,0,1,1,8
Anton Watson,9,22,4,9,0.444,0,1,0,0.444,0,0,,1,2,3,2,1,0,2,3,8
Phillip Wheeler,5,44,3,21,0.143,0,10,0,0.143,2,2,1,2,6,8,2,1,2,1,1,8
PJ Dozier,9,35,2,3,0.667,2,3,0.667,1,1,6,0.167,1,4,5,5,1,0,1,3,7
Daniss Jenkins,7,23,3,10,0.3,1,7,0.143,0.35,0,2,0,0,2,2,3,0,0,1,2,7
Miles Norris,3,35,2,9,0.222,2,7,0.286,0.333,1,2,0.5,2,7,9,0,2,1,0,0,7
Kevin McCullar Jr.,4,29,2,7,0.286,0,1,0,0.286,2,2,1,0,8,8,2,1,1,0,6,6
Isaiah Mobley,1,17,2,7,0.286,1,3,0.333,0.357,1,2,0.5,1,3,4,5,1,1,0,3,6
Taze Moore,2,20,2,10,0.2,1,4,0.25,0.25,1,2,0.5,4,4,8,1,2,0,2,0,6
James Wiseman,1,5,2,4,0.5,0,1,0,0.5,2,2,1,0,1,1,0,0,0,0,0,6
Ulrich Chomche,7,32,2,5,0.4,0,0,,0.4,1,2,0.5,4,4,8,2,0,1,2,5,5
Skal Labissière,4,12,2,4,0.5,1,1,1,0.625,0,0,,1,2,3,1,0,0,0,1,5
Alondes Williams,1,4,2,2,1,1,1,1,1.25,0,0,,0,0,0,1,0,0,0,0,5
Ron Harper Jr.,1,17,1,8,0.125,0,6,0,0.125,2,2,1,4,3,7,2,0,0,0,0,4
Harrison Ingram,5,35,2,4,0.5,0,1,0,0.5,0,0,,2,7,9,3,3,0,1,2,4
D.J. Carton,4,33,1,7,0.143,0,3,0,0.143,1,1,1,0,4,4,3,2,0,4,1,3
Cui Yongxi,5,10,1,7,0.143,0,3,0,0.143,1,2,0.5,0,2,2,0,0,0,0,0,3
Braxton Key,3,11,0,4,0,0,1,0,0,3,6,0.5,1,1,2,0,2,0,1,0,3
Tristen Newton,8,16,1,8,0.125,0,3,0,0.125,1,1,1,2,2,4,2,1,0,2,4,3
Quincy Olivari,2,10,1,5,0.2,1,5,0.2,0.3,0,0,,0,0,0,1,0,0,1,0,3
Yuri Collins,2,16,1,3,0.333,0,0,,0.333,0,0,,2,1,3,4,2,0,0,5,2
Malevy Leons,6,21,0,2,0,0,1,0,0,2,4,0.5,1,2,3,1,0,0,1,4,2
Daishen Nix,3,13,0,1,0,0,1,0,0,1,2,0.5,0,4,4,3,0,0,4,1,1
Terence Davis,1,8,0,2,0,0,1,0,0,0,0,,0,1,1,1,0,0,0,0,0
Jesse Edwards,2,5,0,0,,0,0,,,0,0,,0,0,0,1,0,0,0,2,0
Mac McClung,2,10,0,2,0,0,1,0,0,0,0,,0,1,1,3,0,0,0,2,0
Jalen McDaniels,4,7,0,0,,0,0,,,0,0,,0,0,0,1,1,0,0,0,0
Riley Minix,1,7,0,1,0,0,1,0,0,0,0,,0,2,2,0,0,0,0,0,0
Jahlil Okafor,1,3,0,0,,0,0,,,0,0,,0,1,1,1,0,0,0,0,0
Zyon Pullin,3,3,0,1,0,0,0,,0,0,0,,0,0,0,0,0,0,0,0,0
Isaiah Stevens,3,6,0,2,0,0,1,0,0,0,0,,0,2,2,0,1,0,0,0,0
Terry Taylor,3,6,0,1,0,0,0,,0,0,0,,1,0,1,2,0,0,0,0,0
