PLAYER_ID,SEASON_ID,LEAGUE_ID,TEAM_ID,PLAYER_NAME,MVP,TEAM_ABBREVIATION,PLAYER_AGE,GP,GS,MIN,FGM,FGA,FG_PCT,FG3M,FG3A,FG3_PCT,FTM,FTA,FT_PCT,OREB,DREB,REB,AST,STL,BLK,TOV,PF,PTS,EFF
1628983,2018-19,00,1610612746,Shai Gilgeous-Alexander,0,LAC,20,82,73,2174,341,716,0.476,51,139,0.367,156,195,0.8,57,175,232,270,96,45,141,175,889,11.914634146341463
1628983,2019-20,00,1610612760,Shai Gilgeous-Alexander,0,OKC,21,70,70,2428,478,1015,0.471,87,251,0.347,288,357,0.807,47,365,412,232,79,47,134,117,1331,19.442857142857143
1628983,2020-21,00,1610612760,Shai Gilgeous-Alexander,0,OKC,22,35,35,1180,287,565,0.508,71,170,0.418,185,229,0.808,19,147,166,207,27,23,106,70,830,23.571428571428573
1628983,2021-22,00,1610612760,Shai Gilgeous-Alexander,0,OKC,23,56,56,1942,477,1052,0.453,89,297,0.3,328,405,0.81,37,241,278,331,71,46,154,142,1371,23.053571428571427
1628983,2022-23,00,1610612760,Shai Gilgeous-Alexander,0,OKC,24,68,68,2416,704,1381,0.51,58,168,0.345,669,739,0.905,59,270,329,371,112,65,192,192,2135,30.485294117647058
1628983,2023-24,00,1610612760,Shai Gilgeous-Alexander,0,OKC,25,75,75,2553,796,1487,0.535,95,269,0.353,567,649,0.874,65,350,415,465,150,67,162,184,2254,32.21333333333333
1628983,2024-25,00,1610612760,Shai Gilgeous-Alexander,1,OKC,26,76,76,2598,860,1656,0.519,163,435,0.375,601,669,0.898,67,312,379,486,131,77,183,164,2484,33.026315789473685
203999,2015-16,00,1610612743,Nikola Jokić,0,DEN,21,80,55,1733,307,600,0.512,28,84,0.333,154,190,0.811,181,379,560,189,79,50,104,208,796,15.5125
203999,2016-17,00,1610612743,Nikola Jokić,0,DEN,22,73,59,2038,494,854,0.578,45,139,0.324,188,228,0.825,212,506,718,359,61,55,171,214,1221,25.246575342465754
203999,2017-18,00,1610612743,Nikola Jokić,0,DEN,23,75,73,2443,504,1010,0.499,111,280,0.396,266,313,0.85,195,608,803,458,90,61,210,212,1385,27.12
203999,2018-19,00,1610612743,Nikola Jokić,0,DEN,24,80,80,2504,616,1206,0.511,83,270,0.307,289,352,0.821,228,637,865,580,108,55,248,228,1604,28.8875
203999,2019-20,00,1610612743,Nikola Jokić,0,DEN,25,73,73,2335,565,1071,0.528,80,255,0.314,246,301,0.817,166,545,711,512,85,44,226,222,1456,27.684931506849313
203999,2020-21,00,1610612743,Nikola Jokić,1,DEN,26,72,72,2488,732,1293,0.566,92,237,0.388,342,394,0.868,205,575,780,599,95,48,222,192,1898,35.90277777777778
203999,2021-22,00,1610612743,Nikola Jokić,1,DEN,27,74,74,2476,764,1311,0.583,97,288,0.337,379,468,0.81,206,813,1019,584,109,63,281,191,2004,38.67567567567568
203999,2022-23,00,1610612743,Nikola Jokić,0,DEN,28,69,69,2323,646,1022,0.632,57,149,0.383,341,415,0.822,167,650,817,678,87,47,247,174,1690,38
203999,2023-24,00,1610612743,Nikola Jokić,1,DEN,29,79,79,2737,822,1411,0.583,83,231,0.359,358,438,0.817,223,753,976,708,108,68,237,194,2085,38.46835443037975
203999,2024-25,00,1610612743,Nikola Jokić,0,DEN,30,70,70,2571,786,1364,0.576,138,331,0.417,361,451,0.8,200,692,892,716,127,45,230,160,2071,42.18571428571428
203954,2016-17,00,1610612755,Joel Embiid,0,PHI,23,31,31,786,200,429,0.466,36,98,0.367,191,244,0.783,61,182,243,66,27,76,117,112,627,20.64516129032258
203954,2017-18,00,1610612755,Joel Embiid,0,PHI,24,63,63,1912,510,1056,0.483,66,214,0.308,359,467,0.769,143,547,690,199,40,111,234,209,1445,25.349206349206348
203954,2018-19,00,1610612755,Joel Embiid,0,PHI,25,64,64,2154,580,1199,0.484,79,263,0.3,522,649,0.804,160,711,871,234,46,122,226,211,1761,32.21875
203954,2019-20,00,1610612755,Joel Embiid,0,PHI,26,51,51,1506,382,801,0.477,57,172,0.331,351,435,0.807,141,452,593,152,45,65,159,174,1172,26.764705882352942
203954,2020-21,00,1610612755,Joel Embiid,0,PHI,27,51,51,1585,461,899,0.513,58,154,0.377,471,548,0.859,113,426,539,145,50,69,159,123,1451,30.980392156862745
203954,2021-22,00,1610612755,Joel Embiid,0,PHI,28,68,68,2296,666,1334,0.499,93,251,0.371,654,803,0.814,146,650,796,284,77,99,214,181,2079,33.88235294117647
203954,2022-23,00,1610612755,Joel Embiid,1,PHI,29,66,66,2284,728,1328,0.548,66,200,0.33,661,771,0.857,113,557,670,274,66,112,226,205,2183,35.89393939393939
203954,2023-24,00,1610612755,Joel Embiid,0,PHI,30,39,39,1309,450,851,0.529,54,139,0.388,399,452,0.883,95,335,430,219,46,66,150,112,1353,38.717948717948715
203954,2024-25,00,1610612755,Joel Embiid,0,PHI,31,19,19,574,140,315,0.444,23,77,0.299,149,169,0.882,36,119,155,85,14,18,62,42,452,24.57894736842105
203507,2013-14,00,1610612749,Giannis Antetokounmpo,0,MIL,19,77,23,1897,173,418,0.414,41,118,0.347,138,202,0.683,78,261,339,150,60,61,122,173,525,9.142857142857142
203507,2014-15,00,1610612749,Giannis Antetokounmpo,0,MIL,20,81,71,2541,383,780,0.491,7,44,0.159,257,347,0.741,100,442,542,207,73,85,173,254,1030,15.765432098765432
203507,2015-16,00,1610612749,Giannis Antetokounmpo,0,MIL,21,80,79,2823,513,1013,0.506,28,109,0.257,296,409,0.724,113,499,612,345,94,113,208,258,1350,21.1625
203507,2016-17,00,1610612749,Giannis Antetokounmpo,0,MIL,22,80,80,2845,656,1259,0.521,49,180,0.272,471,612,0.77,142,558,700,434,131,151,234,246,1832,28.375
203507,2017-18,00,1610612749,Giannis Antetokounmpo,0,MIL,23,75,75,2756,742,1402,0.529,43,140,0.307,487,641,0.76,156,597,753,361,109,106,223,231,2014,30.746666666666666
203507,2018-19,00,1610612749,Giannis Antetokounmpo,1,MIL,24,72,72,2358,721,1247,0.578,52,203,0.256,500,686,0.729,159,739,898,424,92,110,268,232,1994,35.25
203507,2019-20,00,1610612749,Giannis Antetokounmpo,1,MIL,25,63,63,1917,685,1238,0.553,89,293,0.304,398,629,0.633,140,716,856,354,61,66,230,195,1857,34.6031746
203507,2020-21,00,1610612749,Giannis Antetokounmpo,0,MIL,26,61,61,2013,626,1100,0.569,67,221,0.303,398,581,0.685,97,574,671,357,72,73,207,168,1717,33.21311475409836
203507,2021-22,00,1610612749,Giannis Antetokounmpo,0,MIL,27,67,67,2204,689,1245,0.553,71,242,0.293,553,766,0.722,134,644,778,388,72,91,219,212,2002,34.97014925373134
203507,2022-23,00,1610612749,Giannis Antetokounmpo,0,MIL,28,63,63,2024,707,1278,0.553,47,171,0.275,498,772,0.645,137,605,742,359,52,51,246,197,1959,32.888888888888886
203507,2023-24,00,1610612749,Giannis Antetokounmpo,0,MIL,29,73,73,2567,837,1369,0.611,34,124,0.274,514,782,0.657,196,645,841,476,87,79,250,210,2222,36.36986301369863
203507,2024-25,00,1610612749,Giannis Antetokounmpo,0,MIL,30,67,67,2289,793,1319,0.601,14,63,0.222,436,707,0.617,147,651,798,433,58,78,206,155,2036,35.82089552238806
201935,2009-10,00,1610612760,James Harden,0,OKC,20,76,0,1738,233,578,0.403,93,248,0.375,194,240,0.808,47,197,244,137,80,20,106,200,753,9.697368421052632
201935,2010-11,00,1610612760,James Harden,0,OKC,21,82,5,2189,298,684,0.436,113,324,0.349,289,343,0.843,42,213,255,176,92,24,106,207,998,12.182926829268293
201935,2011-12,00,1610612760,James Harden,0,OKC,22,62,2,1946,309,629,0.491,114,292,0.39,312,369,0.846,30,222,252,229,62,15,137,150,1044,17.548387096774192
201935,2012-13,00,1610612745,James Harden,0,HOU,23,78,78,2985,585,1337,0.438,179,486,0.368,674,792,0.851,62,317,379,455,142,38,295,178,2023,24
201935,2013-14,00,1610612745,James Harden,0,HOU,24,73,73,2777,549,1205,0.456,177,483,0.366,576,665,0.866,61,283,344,446,115,29,265,177,1851,24.315068493150687
201935,2014-15,00,1610612745,James Harden,0,HOU,25,81,81,2981,647,1470,0.44,208,555,0.375,715,824,0.868,75,384,459,565,154,60,321,208,2217,27.185185185185187
201935,2015-16,00,1610612745,James Harden,0,HOU,26,82,82,3125,710,1617,0.439,236,657,0.359,720,837,0.86,63,438,501,612,139,51,374,229,2376,27.817073170731707
201935,2016-17,00,1610612745,James Harden,0,HOU,27,81,81,2947,674,1533,0.44,262,756,0.347,746,881,0.847,95,564,659,907,121,38,464,215,2356,32.382716049382715
201935,2017-18,00,1610612745,James Harden,1,HOU,28,72,72,2551,651,1449,0.449,265,722,0.367,624,727,0.858,41,348,389,630,126,50,315,169,2191,30.13888888888889
201935,2018-19,00,1610612745,James Harden,0,HOU,29,78,78,2867,843,1909,0.442,378,1028,0.368,754,858,0.879,66,452,518,586,158,58,387,244,2818,33.08974358974359
201935,2019-20,00,1610612745,James Harden,0,HOU,30,68,68,2483,672,1514,0.444,299,843,0.355,692,800,0.865,70,376,446,512,125,60,308,227,2335,32.64705882352941
201935,2020-21,00,0,James Harden,0,TOT,31,44,43,1609,342,734,0.466,121,334,0.362,278,323,0.861,35,313,348,475,53,33,177,99,1083,31.318181818181817
201935,2021-22,00,0,James Harden,0,TOT,32,65,65,2420,407,992,0.41,148,448,0.33,470,536,0.877,55,445,500,667,82,36,284,153,1432,27.415384615384614
201935,2022-23,00,1610612755,James Harden,0,PHI,33,58,58,2135,371,842,0.441,161,418,0.385,313,361,0.867,40,314,354,618,71,31,195,112,1216,27.17241379310345
201935,2023-24,00,1610612746,James Harden,0,LAC,34,72,72,2470,352,822,0.428,186,488,0.381,302,344,0.878,34,335,369,614,77,57,185,127,1192,22.38888888888889
201935,2024-25,00,1610612746,James Harden,0,LAC,35,79,79,2789,531,1295,0.41,235,668,0.352,505,578,0.874,55,401,456,687,118,55,341,162,1802,24.556962025316455
201566,2008-09,00,1610612760,Russell Westbrook,0,OKC,20,82,65,2668,436,1095,0.398,35,129,0.271,349,428,0.815,178,221,399,435,110,16,274,191,1256,14.682926829268293
201566,2009-10,00,1610612760,Russell Westbrook,0,OKC,21,82,82,2813,485,1160,0.418,23,104,0.221,329,422,0.78,143,258,401,652,108,34,268,204,1322,18.06097561
201566,2010-11,00,1610612760,Russell Westbrook,0,OKC,22,82,82,2847,614,1390,0.442,34,103,0.33,531,631,0.842,121,258,379,670,155,30,316,207,1793,22.378048780487806
201566,2011-12,00,1610612760,Russell Westbrook,0,OKC,23,66,66,2331,578,1266,0.457,62,196,0.316,340,413,0.823,96,205,301,362,112,21,239,147,1558,20.515151515151516
201566,2012-13,00,1610612760,Russell Westbrook,0,OKC,24,82,82,2861,673,1535,0.438,97,300,0.323,460,575,0.8,111,317,428,607,145,24,273,189,1903,22.646341463414632
201566,2013-14,00,1610612760,Russell Westbrook,0,OKC,25,46,46,1412,346,791,0.437,68,214,0.318,242,293,0.826,55,208,263,319,88,7,177,104,1002,21.869565217391305
201566,2014-15,00,1610612760,Russell Westbrook,0,OKC,26,67,67,2302,627,1471,0.426,86,288,0.299,546,654,0.835,124,364,488,574,140,14,293,184,1886,27.71641791044776
201566,2015-16,00,1610612760,Russell Westbrook,0,OKC,27,80,80,2750,656,1444,0.454,101,341,0.296,465,573,0.812,145,481,626,834,163,20,342,200,1878,28.5375
201566,2016-17,00,1610612760,Russell Westbrook,1,OKC,28,81,81,2802,824,1941,0.425,200,583,0.343,710,840,0.845,137,727,864,840,132,31,438,190,2558,33.82716049382716
201566,2017-18,00,1610612760,Russell Westbrook,0,OKC,29,80,80,2914,757,1687,0.449,97,326,0.298,417,566,0.737,152,652,804,820,147,20,381,200,2028,29.4875
201566,2018-19,00,1610612760,Russell Westbrook,0,OKC,30,73,73,2629,630,1473,0.428,119,411,0.29,296,451,0.656,109,698,807,784,142,33,325,245,1675,29.013698630136986
201566,2019-20,00,1610612745,Russell Westbrook,0,HOU,31,57,57,2049,604,1281,0.472,55,213,0.258,290,380,0.763,100,351,451,401,93,20,255,200,1553,26.24561403508772
201566,2020-21,00,1610612764,Russell Westbrook,0,WAS,32,65,65,2369,544,1238,0.439,86,273,0.315,271,413,0.656,109,641,750,763,89,23,312,190,1445,29.56923076923077
201566,2021-22,00,1610612747,Russell Westbrook,0,LAL,33,78,78,2678,548,1233,0.444,79,265,0.298,266,399,0.667,110,470,580,550,75,20,295,235,1441,19.91025641025641
201566,2022-23,00,0,Russell Westbrook,0,TOT,34,73,24,2126,432,991,0.436,89,286,0.311,206,314,0.656,89,334,423,551,76,33,255,162,1159,18.08219178082192
201566,2023-24,00,1610612746,Russell Westbrook,0,LAC,35,68,11,1529,301,663,0.454,42,154,0.273,110,160,0.688,93,250,343,306,74,23,144,121,754,13.882352941176471
201566,2024-25,00,1610612743,Russell Westbrook,0,DEN,36,75,36,2092,373,831,0.449,94,291,0.323,154,233,0.661,102,268,370,457,106,37,242,188,994,15.8
201939,2009-10,00,1610612744,Stephen Curry,0,GSW,22,80,77,2896,528,1143,0.462,166,380,0.437,177,200,0.885,48,308,356,472,152,19,243,252,1399,18.9625
201939,2010-11,00,1610612744,Stephen Curry,0,GSW,23,74,74,2489,505,1053,0.48,151,342,0.442,212,227,0.934,52,234,286,432,109,20,226,233,1373,19.33783783783784
201939,2011-12,00,1610612744,Stephen Curry,0,GSW,24,26,23,732,145,296,0.49,55,121,0.455,38,47,0.809,15,73,88,138,39,8,65,62,383,16.576923076923077
201939,2012-13,00,1610612744,Stephen Curry,0,GSW,25,78,78,2983,626,1388,0.451,272,600,0.453,262,291,0.9,59,255,314,539,126,12,240,198,1786,22.384615384615383
201939,2013-14,00,1610612744,Stephen Curry,0,GSW,26,78,78,2846,652,1383,0.471,261,615,0.424,308,348,0.885,46,288,334,666,128,14,294,194,1873,25
201939,2014-15,00,1610612744,Stephen Curry,1,GSW,27,80,80,2613,653,1341,0.487,286,646,0.443,308,337,0.914,56,285,341,619,163,16,249,158,1900,25.9125
201939,2015-16,00,1610612744,Stephen Curry,1,GSW,28,79,79,2700,805,1598,0.504,402,886,0.454,363,400,0.908,68,362,430,527,169,15,262,161,2375,30.68354430379747
201939,2016-17,00,1610612744,Stephen Curry,0,GSW,29,79,79,2639,675,1443,0.468,324,789,0.411,325,362,0.898,61,292,353,524,142,17,239,183,1999,25.20253164556962
201939,2017-18,00,1610612744,Stephen Curry,0,GSW,30,51,51,1631,428,864,0.495,212,501,0.423,278,302,0.921,36,225,261,310,80,8,153,114,1346,27.294117647058822
201939,2018-19,00,1610612744,Stephen Curry,0,GSW,31,69,69,2331,632,1340,0.472,354,810,0.437,263,287,0.916,45,324,369,361,92,25,192,166,1881,26.144927536231883
201939,2019-20,00,1610612744,Stephen Curry,0,GSW,32,5,5,139,33,82,0.402,12,49,0.245,26,26,1,4,22,26,33,5,2,16,11,104,21
201939,2020-21,00,1610612744,Stephen Curry,0,GSW,33,63,63,2152,658,1365,0.482,337,801,0.421,362,395,0.916,29,316,345,363,77,8,213,119,2015,29.444444444444443
201939,2021-22,00,1610612744,Stephen Curry,0,GSW,34,64,64,2211,535,1224,0.437,285,750,0.38,275,298,0.923,34,301,335,404,85,23,206,130,1630,24.359375
201939,2022-23,00,1610612744,Stephen Curry,0,GSW,35,56,56,1941,559,1133,0.493,273,639,0.427,257,281,0.915,39,302,341,352,52,20,179,117,1648,29.214285714285715
201939,2023-24,00,1610612744,Stephen Curry,0,GSW,36,74,74,2422,650,1445,0.45,357,876,0.408,299,324,0.923,37,293,330,379,54,28,210,117,1956,23.2027027
201939,2024-25,00,1610612744,Stephen Curry,0,GSW,37,70,70,2252,564,1258,0.448,311,784,0.397,279,299,0.933,40,270,310,421,80,30,200,95,1718,23.5
201142,2007-08,00,1610612760,Kevin Durant,0,SEA,19,80,80,2768,587,1366,0.43,59,205,0.288,391,448,0.873,70,278,348,192,78,75,232,122,1624,15.6125
201142,2008-09,00,1610612760,Kevin Durant,0,OKC,20,74,74,2885,661,1390,0.476,97,230,0.422,452,524,0.863,77,405,482,205,96,53,225,134,1871,22.716216216216218
201142,2009-10,00,1610612760,Kevin Durant,0,OKC,21,82,82,3239,794,1668,0.476,128,351,0.365,756,840,0.9,105,518,623,231,112,84,271,171,2472,27.963414634146343
201142,2010-11,00,1610612760,Kevin Durant,0,OKC,22,78,78,3038,711,1538,0.462,145,414,0.35,594,675,0.88,57,476,533,214,88,76,218,159,2161,24.94871794871795
201142,2011-12,00,1610612760,Kevin Durant,0,OKC,23,66,66,2546,643,1297,0.496,133,344,0.387,431,501,0.86,40,487,527,231,88,77,248,133,1850,27.28787878787879
201142,2012-13,00,1610612760,Kevin Durant,0,OKC,24,81,81,3119,731,1433,0.51,139,334,0.416,679,750,0.905,46,594,640,374,116,105,280,143,2280,30.395061728395063
201142,2013-14,00,1610612760,Kevin Durant,1,OKC,25,81,81,3122,849,1688,0.503,192,491,0.391,703,805,0.873,58,540,598,445,103,59,285,174,2593,31.753086419753085
201142,2014-15,00,1610612760,Kevin Durant,0,OKC,26,27,27,913,238,467,0.51,64,159,0.403,146,171,0.854,16,162,178,110,24,25,74,40,686,25.74074074074074
201142,2015-16,00,1610612760,Kevin Durant,0,OKC,27,72,72,2578,698,1381,0.505,186,481,0.387,447,498,0.898,45,544,589,361,69,85,250,137,2029,29.84722222222222
201142,2016-17,00,1610612744,Kevin Durant,0,GSW,28,62,62,2070,551,1026,0.537,117,312,0.375,336,384,0.875,39,474,513,300,66,99,138,117,1555,30.193548387096776
201142,2017-18,00,1610612744,Kevin Durant,0,GSW,29,68,68,2325,630,1222,0.516,173,413,0.419,359,404,0.889,31,433,464,366,50,119,207,133,1792,28.63235294117647
201142,2018-19,00,1610612744,Kevin Durant,0,GSW,30,78,78,2702,721,1383,0.521,137,388,0.353,448,506,0.885,33,464,497,457,58,84,225,155,2027,27.923076923076923
201142,2020-21,00,1610612751,Kevin Durant,0,BKN,32,35,32,1157,324,603,0.537,85,189,0.45,210,238,0.882,13,234,247,195,25,45,120,70,943,29.37142857142857
201142,2021-22,00,1610612751,Kevin Durant,0,BKN,33,55,55,2047,578,1115,0.518,115,300,0.383,372,409,0.91,29,378,407,351,48,52,191,113,1643,31.563636363636363
201142,2022-23,00,0,Kevin Durant,0,TOT,34,47,47,1672,483,862,0.56,93,230,0.404,307,334,0.919,17,296,313,235,34,67,156,99,1366,30.914893617021278
201142,2023-24,00,1610612756,Kevin Durant,0,PHX,35,75,75,2791,751,1436,0.523,168,407,0.413,362,423,0.856,41,454,495,378,69,91,244,133,2032,27.666666666666668
201142,2024-25,00,1610612756,Kevin Durant,0,PHX,36,62,62,2265,592,1124,0.527,160,372,0.43,303,361,0.839,23,351,374,263,50,77,190,104,1647,26.306451612903224
201565,2008-09,00,1610612741,Derrick Rose,0,CHI,20,81,80,3000,574,1208,0.475,16,72,0.222,197,250,0.788,96,221,317,512,66,18,202,125,1361,17.098765432098766
201565,2009-10,00,1610612741,Derrick Rose,0,CHI,21,78,78,2871,672,1373,0.489,16,60,0.267,259,338,0.766,65,228,293,469,57,27,217,96,1619,18.82051282051282
201565,2010-11,00,1610612741,Derrick Rose,1,CHI,22,81,81,3026,711,1597,0.445,128,385,0.332,476,555,0.858,81,249,330,623,85,51,278,136,2026,23.11111111111111
201565,2011-12,00,1610612741,Derrick Rose,0,CHI,23,39,39,1375,302,695,0.435,54,173,0.312,194,239,0.812,26,105,131,307,35,28,119,52,852,20.41025641025641
201565,2013-14,00,1610612741,Derrick Rose,0,CHI,25,10,10,311,58,164,0.354,16,47,0.34,27,32,0.844,9,23,32,43,5,1,34,15,159,9.5
201565,2014-15,00,1610612741,Derrick Rose,0,CHI,26,51,51,1530,338,835,0.405,76,271,0.28,152,187,0.813,35,126,161,251,36,16,161,63,904,13.235294117647058
201565,2015-16,00,1610612741,Derrick Rose,0,CHI,27,66,66,2097,447,1048,0.427,44,150,0.293,142,179,0.793,46,179,225,311,44,14,175,84,1080,13.045454545454545
201565,2016-17,00,1610612752,Derrick Rose,0,NYK,28,64,64,2082,460,977,0.471,13,60,0.217,221,253,0.874,66,180,246,283,44,17,147,84,1154,16.375
201565,2017-18,00,0,Derrick Rose,0,TOT,29,25,7,419,81,186,0.435,7,30,0.233,40,46,0.87,13,22,35,37,7,4,35,16,209,5.84
201565,2018-19,00,1610612750,Derrick Rose,0,MIN,30,51,13,1392,363,753,0.482,54,146,0.37,137,160,0.856,33,107,140,220,31,12,82,57,917,16.176470588235293
201565,2019-20,00,1610612765,Derrick Rose,0,DET,31,50,15,1298,369,753,0.49,45,147,0.306,121,139,0.871,27,94,121,278,40,16,126,49,904,16.62
201565,2020-21,00,0,Derrick Rose,0,TOT,32,50,3,1279,287,611,0.47,50,129,0.388,110,127,0.866,20,110,130,209,49,19,78,56,734,14.44
201565,2021-22,00,1610612752,Derrick Rose,0,NYK,33,26,4,636,122,274,0.445,37,92,0.402,30,31,0.968,21,57,78,103,22,12,39,15,311,12.846153846153847
201565,2022-23,00,1610612752,Derrick Rose,0,NYK,34,27,0,338,61,159,0.384,19,63,0.302,11,12,0.917,8,32,40,46,7,5,22,18,152,4.777777777777778
201565,2023-24,00,1610612763,Derrick Rose,0,MEM,35,24,7,399,76,165,0.461,15,41,0.366,24,27,0.889,7,38,45,78,8,2,31,21,191,8.375
2544,2003-04,00,1610612739,LeBron James,0,CLE,19,79,79,3120,622,1492,0.417,63,217,0.29,347,460,0.754,99,333,432,465,130,58,273,149,1654,18.772151898734176
2544,2004-05,00,1610612739,LeBron James,0,CLE,20,80,80,3388,795,1684,0.472,108,308,0.351,477,636,0.75,111,477,588,577,177,52,262,146,2175,28.2375
2544,2005-06,00,1610612739,LeBron James,0,CLE,21,79,79,3361,875,1823,0.48,127,379,0.335,601,814,0.738,75,481,556,521,123,66,260,181,2478,29.40506329113924
2544,2006-07,00,1610612739,LeBron James,0,CLE,22,78,78,3190,772,1621,0.476,99,310,0.319,489,701,0.698,83,443,526,470,125,55,250,171,2132,25.602564102564102
2544,2007-08,00,1610612739,LeBron James,0,CLE,23,75,74,3027,794,1642,0.484,113,359,0.315,549,771,0.712,133,459,592,539,138,81,255,165,2250,30.333333333333332
2544,2008-09,00,1610612739,LeBron James,1,CLE,24,81,81,3054,789,1613,0.489,132,384,0.344,594,762,0.78,106,507,613,587,137,93,241,139,2304,30.876543209876544
2544,2009-10,00,1610612739,LeBron James,1,CLE,25,76,76,2966,768,1528,0.503,129,387,0.333,593,773,0.767,71,483,554,651,125,77,261,119,2258,32.421052631578945
2544,2010-11,00,1610612748,LeBron James,0,MIA,26,79,79,3063,758,1485,0.51,92,279,0.33,503,663,0.759,80,510,590,554,124,50,284,163,2111,28.582278481012658
2544,2011-12,00,1610612748,LeBron James,1,MIA,27,62,62,2326,621,1169,0.531,54,149,0.362,387,502,0.771,94,398,492,387,115,50,213,96,1683,29.85483870967742
2544,2012-13,00,1610612748,LeBron James,1,MIA,28,76,76,2877,765,1354,0.565,103,254,0.406,403,535,0.753,97,513,610,551,129,67,226,110,2036,32.18421052631579
2544,2013-14,00,1610612748,LeBron James,0,MIA,29,77,77,2902,767,1353,0.567,116,306,0.379,439,585,0.75,81,452,533,488,121,26,270,126,2089,29.285714285714285
2544,2014-15,00,1610612739,LeBron James,0,CLE,30,69,69,2493,624,1279,0.488,120,339,0.354,375,528,0.71,51,365,416,511,109,49,272,135,1743,25.333333333333332
2544,2015-16,00,1610612739,LeBron James,0,CLE,31,76,76,2709,737,1416,0.52,87,282,0.309,359,491,0.731,111,454,565,514,104,49,249,143,1920,27.526315789473685
2544,2016-17,00,1610612739,LeBron James,0,CLE,32,74,74,2795,736,1344,0.548,124,342,0.363,358,531,0.674,97,542,639,646,92,44,303,134,1954,30.95945945945946
2544,2017-18,00,1610612739,LeBron James,0,CLE,33,82,82,3026,857,1580,0.542,149,406,0.367,388,531,0.731,97,612,709,747,116,71,347,136,2251,32.69512195121951
2544,2018-19,00,1610612747,LeBron James,0,LAL,34,55,55,1937,558,1095,0.51,111,327,0.339,278,418,0.665,57,408,465,454,72,33,197,94,1505,30.09090909090909
2544,2019-20,00,1610612747,LeBron James,0,LAL,35,67,67,2316,643,1303,0.493,148,425,0.348,264,381,0.693,66,459,525,684,78,36,261,118,1698,29.597014925373134
2544,2020-21,00,1610612747,LeBron James,0,LAL,36,45,45,1504,422,823,0.513,104,285,0.365,178,255,0.698,29,317,346,350,48,25,168,70,1126,27.755555555555556
2544,2021-22,00,1610612747,LeBron James,0,LAL,37,56,56,2084,640,1221,0.524,161,448,0.359,254,336,0.756,63,396,459,349,73,59,196,121,1695,31.714285714285715
2544,2022-23,00,1610612747,LeBron James,0,LAL,38,55,54,1954,609,1219,0.5,121,377,0.321,251,327,0.768,65,392,457,375,50,32,178,88,1590,29.818181818181817
2544,2023-24,00,1610612747,LeBron James,0,LAL,39,71,71,2504,685,1269,0.54,149,363,0.41,303,404,0.75,61,457,518,589,89,38,245,78,1822,29.943661971830984
2544,2024-25,00,1610612747,LeBron James,0,LAL,40,70,70,2444,651,1270,0.513,149,396,0.376,259,331,0.782,72,474,546,575,70,39,260,99,1710,28.414285714285715
977,1996-97,00,1610612747,Kobe Bryant,0,LAL,18,71,6,1102,176,422,0.417,51,136,0.375,136,166,0.819,47,85,132,91,49,23,112,102,539,6.281690141
977,1997-98,00,1610612747,Kobe Bryant,0,LAL,19,79,1,2056,391,913,0.428,75,220,0.341,363,457,0.794,79,163,242,199,74,40,157,180,1220,12.683544303797468
977,1998-99,00,1610612747,Kobe Bryant,0,LAL,20,50,50,1896,362,779,0.465,27,101,0.267,245,292,0.839,53,211,264,190,72,50,157,153,996,19.02
977,1999-00,00,1610612747,Kobe Bryant,0,LAL,21,66,62,2524,554,1183,0.468,46,144,0.319,331,403,0.821,108,308,416,323,106,62,182,220,1485,22.863636363636363
977,2000-01,00,1610612747,Kobe Bryant,0,LAL,22,68,68,2783,701,1510,0.464,61,200,0.305,475,557,0.853,104,295,399,338,114,43,220,222,1938,25.308823529411764
977,2001-02,00,1610612747,Kobe Bryant,0,LAL,23,80,80,3065,749,1597,0.469,33,132,0.25,488,589,0.829,112,329,441,438,118,35,223,228,2019,23.4875
977,2002-03,00,1610612747,Kobe Bryant,0,LAL,24,82,82,3401,868,1924,0.451,124,324,0.383,601,713,0.843,106,458,564,481,181,67,288,218,2461,28.024390243902438
977,2003-04,00,1610612747,Kobe Bryant,0,LAL,25,65,64,2452,516,1178,0.438,71,217,0.327,454,533,0.852,103,256,359,330,112,28,171,176,1557,22.676923076923078
977,2004-05,00,1610612747,Kobe Bryant,0,LAL,26,66,66,2689,573,1324,0.433,131,387,0.339,542,664,0.816,95,297,392,398,86,53,270,174,1819,24.318181818181817
977,2005-06,00,1610612747,Kobe Bryant,0,LAL,27,80,80,3277,978,2173,0.45,180,518,0.347,696,819,0.85,71,354,425,360,147,30,250,233,2832,27.825
977,2006-07,00,1610612747,Kobe Bryant,0,LAL,28,77,77,3140,813,1757,0.463,137,398,0.344,667,768,0.868,75,364,439,413,111,36,255,205,2430,27.649350649350648
977,2007-08,00,1610612747,Kobe Bryant,1,LAL,29,82,82,3192,775,1690,0.459,150,415,0.361,623,742,0.84,94,423,517,441,151,40,257,227,2323,26.597560975609756
977,2008-09,00,1610612747,Kobe Bryant,0,LAL,30,82,82,2960,800,1712,0.467,118,336,0.351,483,564,0.856,90,339,429,399,120,37,210,189,2201,24.182926829268293
977,2009-10,00,1610612747,Kobe Bryant,0,LAL,31,73,73,2835,716,1569,0.456,99,301,0.329,439,541,0.811,78,313,391,365,113,20,233,187,1970,22.89041095890411
977,2010-11,00,1610612747,Kobe Bryant,0,LAL,32,82,82,2779,740,1639,0.451,115,356,0.323,483,583,0.828,83,336,419,388,99,12,243,172,2078,21.390243902439025
977,2011-12,00,1610612747,Kobe Bryant,0,LAL,33,58,58,2232,574,1336,0.43,87,287,0.303,381,451,0.845,66,247,313,264,69,18,204,105,1616,21.448275862068964
977,2012-13,00,1610612747,Kobe Bryant,0,LAL,34,78,78,3013,738,1595,0.463,132,407,0.324,525,626,0.839,66,367,433,469,106,25,287,173,2133,24.628205128205128
977,2013-14,00,1610612747,Kobe Bryant,0,LAL,35,6,6,177,31,73,0.425,3,16,0.188,18,21,0.857,2,24,26,38,7,1,34,9,83,12.666666666666666
977,2014-15,00,1610612747,Kobe Bryant,0,LAL,36,35,35,1207,266,713,0.373,54,184,0.293,196,241,0.813,26,173,199,197,47,7,128,65,782,17.485714285714284
977,2015-16,00,1610612747,Kobe Bryant,0,LAL,37,66,66,1863,398,1113,0.358,133,467,0.285,232,281,0.826,41,206,247,184,62,13,129,115,1161,11.727272727272727
1717,1998-99,00,1610612742,Dirk Nowitzki,0,DAL,21,47,24,958,136,336,0.405,14,68,0.206,99,128,0.773,41,121,162,47,29,27,73,105,385,7.404255319148936
1717,1999-00,00,1610612742,Dirk Nowitzki,0,DAL,22,82,81,2938,515,1118,0.461,116,306,0.379,289,348,0.83,102,430,532,203,63,68,141,256,1435,18.26829268292683
1717,2000-01,00,1610612742,Dirk Nowitzki,0,DAL,23,82,82,3125,591,1247,0.474,151,390,0.387,451,538,0.838,119,635,754,173,79,101,156,245,1784,24.29268292682927
1717,2001-02,00,1610612742,Dirk Nowitzki,0,DAL,24,76,76,2891,600,1258,0.477,139,350,0.397,440,516,0.853,120,635,755,186,83,77,145,222,1779,26.32894736842105
1717,2002-03,00,1610612742,Dirk Nowitzki,0,DAL,25,80,80,3117,690,1489,0.463,148,390,0.379,483,548,0.881,81,710,791,239,111,82,152,206,2011,27.725
1717,2003-04,00,1610612742,Dirk Nowitzki,0,DAL,26,77,77,2914,605,1310,0.462,99,290,0.341,371,423,0.877,90,580,670,207,92,104,135,216,1680,24.16883116883117
1717,2004-05,00,1610612742,Dirk Nowitzki,0,DAL,27,78,78,3020,663,1445,0.459,91,228,0.399,615,708,0.869,96,661,757,240,97,119,176,219,2032,28.128205128205128
1717,2005-06,00,1610612742,Dirk Nowitzki,0,DAL,28,81,81,3089,751,1564,0.48,110,271,0.406,539,598,0.901,115,613,728,226,58,83,156,164,2151,27.382716049382715
1717,2006-07,00,1610612742,Dirk Nowitzki,1,DAL,29,78,78,2820,673,1341,0.502,72,173,0.416,498,551,0.904,122,571,693,263,52,62,167,171,1916,26.897435897435898
1717,2007-08,00,1610612742,Dirk Nowitzki,0,DAL,30,77,77,2769,630,1314,0.479,79,220,0.359,478,544,0.879,95,564,659,266,51,71,160,198,1817,25.376623376623378
1717,2008-09,00,1610612742,Dirk Nowitzki,0,DAL,31,81,81,3050,774,1616,0.479,61,170,0.359,485,545,0.89,88,593,681,197,61,63,157,176,2094,25.14814814814815
1717,2009-10,00,1610612742,Dirk Nowitzki,0,DAL,32,81,80,3039,720,1496,0.481,51,121,0.421,536,586,0.915,80,540,620,218,70,79,149,208,2027,25.17283950617284
1717,2010-11,00,1610612742,Dirk Nowitzki,0,DAL,33,73,73,2504,610,1179,0.517,66,168,0.393,395,443,0.892,50,463,513,190,38,47,137,172,1681,23.493150684931507
1717,2011-12,00,1610612742,Dirk Nowitzki,0,DAL,34,62,62,2079,473,1034,0.457,78,212,0.368,318,355,0.896,46,372,418,136,42,30,117,129,1342,20.20967741935484
1717,2012-13,00,1610612742,Dirk Nowitzki,0,DAL,35,53,47,1661,343,728,0.471,65,157,0.414,166,193,0.86,37,326,363,132,38,37,70,93,917,18.962264150943398
1717,2013-14,00,1610612742,Dirk Nowitzki,0,DAL,36,80,80,2628,633,1273,0.497,131,329,0.398,338,376,0.899,40,458,498,216,73,45,117,165,1735,22.15
1717,2014-15,00,1610612742,Dirk Nowitzki,0,DAL,37,77,77,2282,487,1062,0.459,104,274,0.38,255,289,0.882,44,413,457,143,39,33,82,160,1333,17.064935064935064
1717,2015-16,00,1610612742,Dirk Nowitzki,0,DAL,38,75,75,2364,498,1112,0.448,126,342,0.368,250,280,0.893,52,437,489,132,52,52,84,161,1372,18.253333333333334
1717,2016-17,00,1610612742,Dirk Nowitzki,0,DAL,39,54,54,1424,296,678,0.437,79,209,0.378,98,112,0.875,23,330,353,82,30,38,51,113,769,15.277777777777779
1717,2017-18,00,1610612742,Dirk Nowitzki,0,DAL,40,77,77,1900,346,758,0.456,138,337,0.409,97,108,0.898,22,416,438,120,43,45,51,146,927,14.272727272727273
1717,2018-19,00,1610612742,Dirk Nowitzki,0,DAL,41,51,20,795,135,376,0.359,64,205,0.312,39,50,0.78,5,153,158,35,9,18,18,76,373,6.333333333333333
959,1996-97,00,1610612756,Steve Nash,0,PHX,23,65,2,686,74,175,0.423,23,55,0.418,42,51,0.824,16,47,63,138,20,0,63,92,213,4.015384615384615
959,1997-98,00,1610612756,Steve Nash,0,PHX,24,76,9,1664,268,584,0.459,81,195,0.415,74,86,0.86,32,128,160,262,63,4,98,145,691,9.921052631578947
959,1998-99,00,1610612742,Steve Nash,0,DAL,25,40,40,1269,114,314,0.363,49,131,0.374,38,46,0.826,32,82,114,219,37,2,83,98,315,9.9
959,1999-00,00,1610612742,Steve Nash,0,DAL,26,56,27,1532,173,363,0.477,60,149,0.403,75,85,0.882,34,87,121,272,37,3,102,122,481,10.928571428571429
959,2000-01,00,1610612742,Steve Nash,0,DAL,27,70,70,2387,386,792,0.487,89,219,0.406,231,258,0.895,46,177,223,509,72,5,205,158,1092,18.042857142857144
959,2001-02,00,1610612742,Steve Nash,0,DAL,28,82,82,2838,525,1088,0.483,156,343,0.455,260,293,0.887,50,204,254,634,53,4,229,164,1466,19.341463414634145
959,2002-03,00,1610612742,Steve Nash,0,DAL,29,82,82,2711,518,1114,0.465,111,269,0.413,308,339,0.909,63,171,234,598,85,6,192,134,1455,19.01219512195122
959,2003-04,00,1610612742,Steve Nash,0,DAL,30,78,78,2613,397,845,0.47,104,257,0.405,230,251,0.916,59,173,232,687,67,8,209,139,1128,18.512820512820515
959,2004-05,00,1610612756,Steve Nash,1,PHX,31,75,75,2573,430,857,0.502,94,218,0.431,211,238,0.887,57,192,249,861,74,6,245,136,1165,22.08
959,2005-06,00,1610612756,Steve Nash,1,PHX,32,79,79,2796,541,1056,0.512,150,342,0.439,257,279,0.921,47,286,333,826,61,12,276,120,1489,24.151898734177216
959,2006-07,00,1610612756,Steve Nash,0,PHX,33,76,76,2682,517,971,0.532,156,343,0.455,222,247,0.899,30,239,269,884,57,6,287,117,1412,24.5
959,2007-08,00,1610612756,Steve Nash,0,PHX,34,81,81,2780,485,962,0.504,179,381,0.47,222,245,0.906,28,254,282,898,53,5,295,113,1371,22.395061728395063
959,2008-09,00,1610612756,Steve Nash,0,PHX,35,74,74,2484,428,851,0.503,108,246,0.439,196,210,0.933,19,204,223,717,55,10,248,108,1160,20
959,2009-10,00,1610612756,Steve Nash,0,PHX,36,81,81,2660,499,985,0.507,124,291,0.426,211,225,0.938,34,234,268,892,42,12,295,108,1333,21.62962962962963
959,2010-11,00,1610612756,Steve Nash,0,PHX,37,75,75,2497,399,811,0.492,81,205,0.395,227,249,0.912,40,220,260,855,48,4,265,87,1106,20.986666666666668
959,2011-12,00,1610612756,Steve Nash,0,PHX,38,62,62,1961,295,555,0.532,55,141,0.39,127,142,0.894,26,160,186,664,38,8,229,53,772,18.774193548387096
959,2012-13,00,1610612747,Steve Nash,0,LAL,39,50,50,1627,236,475,0.497,57,130,0.438,107,116,0.922,26,116,142,333,30,5,126,70,636,15.44
959,2013-14,00,1610612747,Steve Nash,0,LAL,40,15,10,313,36,94,0.383,8,24,0.333,22,24,0.917,4,25,29,86,7,2,31,18,102,9
708,1995-96,00,1610612750,Kevin Garnett,0,MIN,20,80,43,2293,361,735,0.491,8,28,0.286,105,149,0.705,175,326,501,145,86,131,110,189,835,14.625
708,1996-97,00,1610612750,Kevin Garnett,0,MIN,21,77,77,2991,549,1100,0.499,6,21,0.286,205,272,0.754,190,428,618,236,105,163,175,199,1309,21.272727272727273
708,1997-98,00,1610612750,Kevin Garnett,0,MIN,22,82,82,3222,635,1293,0.491,3,16,0.188,245,332,0.738,222,564,786,348,139,150,192,224,1518,24.43902439
708,1998-99,00,1610612750,Kevin Garnett,0,MIN,23,47,47,1780,414,900,0.46,4,14,0.286,145,206,0.704,166,323,489,202,78,83,135,152,977,24.404255319148938
708,1999-00,00,1610612750,Kevin Garnett,0,MIN,24,81,81,3243,759,1526,0.497,30,81,0.37,309,404,0.765,223,733,956,401,120,126,268,205,1857,28.765432098765434
708,2000-01,00,1610612750,Kevin Garnett,0,MIN,25,81,81,3202,704,1475,0.477,19,66,0.288,357,467,0.764,219,702,921,401,111,145,230,204,1784,27.790123456790123
708,2001-02,00,1610612750,Kevin Garnett,0,MIN,26,81,81,3172,659,1401,0.47,37,116,0.319,359,448,0.801,243,738,981,422,96,126,229,184,1714,28.135802469135804
708,2002-03,00,1610612750,Kevin Garnett,0,MIN,27,82,82,3321,743,1481,0.502,20,71,0.282,377,502,0.751,244,858,1102,495,113,129,229,199,1883,32.073170731707314
708,2003-04,00,1610612750,Kevin Garnett,1,MIN,28,82,82,3232,804,1611,0.499,11,43,0.256,368,465,0.791,245,894,1139,409,120,178,212,202,1987,33.13414634146341
708,2004-05,00,1610612750,Kevin Garnett,0,MIN,29,82,82,3121,683,1360,0.502,6,25,0.24,445,549,0.811,247,861,1108,466,121,112,222,207,1817,31.963414634146343
708,2005-06,00,1610612750,Kevin Garnett,0,MIN,30,76,76,2957,626,1191,0.526,8,30,0.267,396,489,0.81,214,752,966,308,104,107,180,206,1656,30.30263157894737
708,2006-07,00,1610612750,Kevin Garnett,0,MIN,31,76,76,2995,638,1341,0.476,12,56,0.214,416,498,0.835,183,792,975,313,89,126,205,184,1704,29.17105263157895
708,2007-08,00,1610612738,Kevin Garnett,0,BOS,32,71,71,2328,534,990,0.539,0,11,0,269,336,0.801,135,520,655,244,100,89,138,163,1337,24.845070422535212
708,2008-09,00,1610612738,Kevin Garnett,0,BOS,33,57,57,1772,393,740,0.531,2,8,0.25,111,132,0.841,78,407,485,144,63,68,90,128,899,21.07017543859649
708,2009-10,00,1610612738,Kevin Garnett,0,BOS,34,69,69,2060,402,772,0.521,1,5,0.2,185,221,0.837,78,428,506,185,68,57,101,170,990,18.82608695652174
708,2010-11,00,1610612738,Kevin Garnett,0,BOS,35,71,71,2220,434,822,0.528,1,5,0.2,187,217,0.862,83,548,631,171,95,57,115,148,1056,20.802816901408452
708,2011-12,00,1610612738,Kevin Garnett,0,BOS,36,60,60,1864,391,777,0.503,3,9,0.333,162,189,0.857,66,428,494,175,56,61,107,141,947,20.216666666666665
708,2012-13,00,1610612738,Kevin Garnett,0,BOS,37,68,68,2022,422,850,0.496,2,16,0.125,158,201,0.786,75,455,530,159,78,62,110,154,1004,18.41176470588235
708,2013-14,00,1610612751,Kevin Garnett,0,BKN,38,54,54,1109,157,356,0.441,0,3,0,38,47,0.809,60,298,358,82,43,40,69,123,352,11.074074074074074
708,2014-15,00,0,Kevin Garnett,0,TOT,39,47,47,952,143,306,0.467,1,7,0.143,36,45,0.8,48,263,311,77,46,17,46,109,323,11.829787234042554
708,2015-16,00,1610612750,Kevin Garnett,0,MIN,40,38,38,556,54,115,0.47,0,1,0,14,21,0.667,15,135,150,62,28,10,16,70,122,7.578947368421052
1495,1997-98,00,1610612759,Tim Duncan,0,SAS,22,82,82,3204,706,1287,0.549,0,10,0,319,482,0.662,274,703,977,224,55,206,279,254,1731,26.463414634146343
1495,1998-99,00,1610612759,Tim Duncan,0,SAS,23,50,50,1963,418,845,0.495,1,7,0.143,247,358,0.69,159,412,571,121,45,126,146,147,1084,25.26
1495,1999-00,00,1610612759,Tim Duncan,0,SAS,24,74,74,2875,628,1281,0.49,1,11,0.091,459,603,0.761,262,656,918,234,66,165,242,210,1716,27.83783783783784
1495,2000-01,00,1610612759,Tim Duncan,0,SAS,25,82,82,3174,702,1406,0.499,7,27,0.259,409,662,0.618,259,738,997,245,70,192,242,247,1820,25.914634146341463
1495,2001-02,00,1610612759,Tim Duncan,1,SAS,26,82,82,3329,764,1504,0.508,1,10,0.1,560,701,0.799,268,774,1042,307,61,203,263,217,2089,31.195121951219512
1495,2002-03,00,1610612759,Tim Duncan,1,SAS,27,81,81,3181,714,1392,0.513,6,22,0.273,450,634,0.71,259,784,1043,316,55,237,248,231,1884,29.938271604938272
1495,2003-04,00,1610612759,Tim Duncan,0,SAS,28,69,68,2527,592,1181,0.501,2,12,0.167,352,588,0.599,227,632,859,213,62,185,183,164,1538,26.797101449275363
1495,2004-05,00,1610612759,Tim Duncan,0,SAS,29,66,66,2203,517,1042,0.496,3,9,0.333,305,455,0.67,202,530,732,179,45,174,127,144,1342,25.303030303030305
1495,2005-06,00,1610612759,Tim Duncan,0,SAS,30,80,80,2784,574,1185,0.484,2,5,0.4,335,533,0.629,231,650,881,253,70,162,198,219,1485,23.05
1495,2006-07,00,1610612759,Tim Duncan,0,SAS,31,80,80,2726,618,1131,0.546,1,9,0.111,362,568,0.637,213,633,846,273,66,190,224,203,1599,25.3875
1495,2007-08,00,1610612759,Tim Duncan,0,SAS,32,78,78,2651,585,1178,0.497,0,4,0,338,463,0.73,237,644,881,218,56,152,178,185,1508,24.602564102564102
1495,2008-09,00,1610612759,Tim Duncan,0,SAS,33,75,75,2523,558,1107,0.504,0,2,0,334,483,0.692,201,599,800,264,38,126,165,173,1450,24.2
1495,2009-10,00,1610612759,Tim Duncan,0,SAS,34,78,77,2438,561,1082,0.518,2,11,0.182,271,374,0.725,221,567,788,246,45,117,140,152,1395,23.423076923076923
1495,2010-11,00,1610612759,Tim Duncan,0,SAS,35,76,76,2156,419,838,0.5,0,4,0,184,257,0.716,169,509,678,203,50,146,122,119,1022,19.539473684210527
1495,2011-12,00,1610612759,Tim Duncan,0,SAS,36,58,58,1634,361,733,0.492,0,4,0,173,249,0.695,110,410,520,132,38,88,97,98,895,19.448275862068964
1495,2012-13,00,1610612759,Tim Duncan,0,SAS,37,69,69,2078,490,976,0.502,2,7,0.286,245,300,0.817,124,562,686,184,50,183,147,117,1227,23.797101449275363
1495,2013-14,00,1610612759,Tim Duncan,0,SAS,38,74,74,2158,444,906,0.49,0,5,0,231,316,0.731,158,563,721,220,43,139,159,134,1119,20.756756756756758
1495,2014-15,00,1610612759,Tim Duncan,0,SAS,39,77,77,2227,419,819,0.512,2,7,0.286,230,311,0.74,170,534,704,230,63,151,131,165,1070,20.857142857142858
1495,2015-16,00,1610612759,Tim Duncan,0,SAS,40,61,60,1536,215,441,0.488,0,2,0,92,131,0.702,115,332,447,163,47,78,90,125,522,14.78688524590164
947,1996-97,00,1610612755,Allen Iverson,0,PHI,22,76,74,3041,625,1504,0.416,155,455,0.341,382,544,0.702,115,197,312,567,157,24,337,233,1787,19.32894736842105
947,1997-98,00,1610612755,Allen Iverson,0,PHI,23,80,80,3150,649,1407,0.461,70,235,0.298,390,535,0.729,86,210,296,494,176,25,244,200,1758,20.025
947,1998-99,00,1610612755,Allen Iverson,0,PHI,24,48,48,1990,435,1056,0.412,58,199,0.291,356,474,0.751,66,170,236,223,110,7,167,98,1284,19.875
947,1999-00,00,1610612755,Allen Iverson,0,PHI,25,70,70,2853,729,1733,0.421,89,261,0.341,442,620,0.713,71,196,267,328,144,5,230,162,1989,18.87142857142857
947,2000-01,00,1610612755,Allen Iverson,1,PHI,26,71,71,2979,762,1813,0.42,98,306,0.32,585,719,0.814,50,223,273,325,178,20,237,147,2207,22.267605633802816
947,2001-02,00,1610612755,Allen Iverson,0,PHI,27,60,59,2624,665,1669,0.398,78,268,0.291,475,585,0.812,44,225,269,331,168,13,237,102,1883,21.883333333333333
947,2002-03,00,1610612755,Allen Iverson,0,PHI,28,82,82,3485,804,1940,0.414,84,303,0.277,570,736,0.774,68,276,344,454,225,13,286,149,2262,20.853658536585368
947,2003-04,00,1610612755,Allen Iverson,0,PHI,29,48,47,2041,435,1125,0.387,57,199,0.286,339,455,0.745,34,144,178,324,115,5,209,87,1266,18.1875
947,2004-05,00,1610612755,Allen Iverson,0,PHI,30,75,75,3173,771,1818,0.424,104,338,0.308,656,786,0.835,51,248,299,596,180,9,344,140,2302,24.866666666666667
947,2005-06,00,1610612755,Allen Iverson,0,PHI,31,72,72,3103,815,1822,0.447,72,223,0.323,675,829,0.814,44,188,232,532,140,10,248,121,2377,26.13888888888889
947,2006-07,00,0,Allen Iverson,0,TOT,32,65,64,2761,581,1313,0.442,62,197,0.315,485,610,0.795,23,170,193,468,123,13,268,95,1709,21.246153846153845
947,2007-08,00,1610612743,Allen Iverson,0,DEN,33,82,82,3424,712,1556,0.458,95,275,0.345,645,797,0.809,47,196,243,586,160,12,245,109,2164,23.463414634146343
947,2008-09,00,0,Allen Iverson,0,TOT,34,57,53,2092,348,834,0.417,28,99,0.283,271,347,0.781,30,143,173,283,88,6,146,86,995,14.68421052631579
947,2009-10,00,0,Allen Iverson,0,TOT,35,28,24,864,136,316,0.43,9,25,0.36,104,131,0.794,16,63,79,113,19,2,64,48,385,11.678571428571429
406,1992-93,00,1610612753,Shaquille O'Neal,0,ORL,21,81,81,3071,733,1304,0.562,0,2,0,427,721,0.592,342,780,1122,152,60,286,307,321,1893,28.901234567901234
406,1993-94,00,1610612753,Shaquille O'Neal,0,ORL,22,81,81,3224,953,1591,0.599,0,2,0,471,850,0.554,384,688,1072,195,76,231,222,281,2377,33.48148148148148
406,1994-95,00,1610612753,Shaquille O'Neal,0,ORL,23,79,79,2923,930,1594,0.583,0,5,0,455,854,0.533,328,573,901,214,73,192,204,258,2315,30.734177215189874
406,1995-96,00,1610612753,Shaquille O'Neal,0,ORL,24,54,52,1946,592,1033,0.573,1,2,0.5,249,511,0.487,182,414,596,155,34,115,155,193,1434,27.333333333333332
406,1996-97,00,1610612747,Shaquille O'Neal,0,LAL,25,51,51,1943,552,991,0.557,0,4,0,232,479,0.484,195,445,640,159,46,147,146,180,1336,29.333333333333332
406,1997-98,00,1610612747,Shaquille O'Neal,0,LAL,26,60,57,2175,670,1147,0.584,0,0,0,359,681,0.527,208,473,681,142,39,144,175,193,1699,28.85
406,1998-99,00,1610612747,Shaquille O'Neal,0,LAL,27,49,49,1705,510,885,0.576,0,1,0,269,498,0.54,187,338,525,114,36,82,122,155,1289,26.93877551020408
406,1999-00,00,1610612747,Shaquille O'Neal,1,LAL,28,79,79,3163,956,1665,0.574,0,1,0,432,824,0.524,336,742,1078,299,36,239,223,255,2344,33.822784810126585
406,2000-01,00,1610612747,Shaquille O'Neal,0,LAL,29,74,74,2924,813,1422,0.572,0,2,0,499,972,0.513,291,649,940,277,47,204,218,256,2125,30.986486486486488
406,2001-02,00,1610612747,Shaquille O'Neal,0,LAL,30,67,66,2421,712,1229,0.579,0,1,0,398,717,0.555,235,480,715,200,41,137,171,199,1822,28.47761194029851
406,2002-03,00,1610612747,Shaquille O'Neal,0,LAL,31,67,66,2535,695,1211,0.574,0,0,0,451,725,0.622,259,483,742,206,38,159,196,229,1841,29.850746268656717
406,2003-04,00,1610612747,Shaquille O'Neal,0,LAL,32,67,67,2464,554,948,0.584,0,0,0,331,676,0.49,246,523,769,196,34,166,195,225,1439,24.925373134328357
406,2004-05,00,1610612748,Shaquille O'Neal,0,MIA,33,73,73,2490,658,1095,0.601,0,0,0,353,765,0.461,253,507,760,200,36,171,203,262,1669,24.438356164383563
406,2005-06,00,1610612748,Shaquille O'Neal,0,MIA,34,59,58,1806,480,800,0.6,0,0,0,221,471,0.469,172,369,541,113,23,104,168,230,1181,20.74576271186441
406,2006-07,00,1610612748,Shaquille O'Neal,0,MIA,35,40,39,1135,283,479,0.591,0,0,0,124,294,0.422,97,200,297,79,8,55,95,139,690,16.7
406,2007-08,00,0,Shaquille O'Neal,0,TOT,36,61,61,1748,331,558,0.593,0,0,0,170,338,0.503,166,388,554,93,32,88,181,228,832,16.770491803278688
406,2008-09,00,1610612756,Shaquille O'Neal,0,PHX,37,75,75,2252,512,841,0.609,0,1,0,309,519,0.595,187,446,633,126,49,108,168,253,1333,20.56
406,2009-10,00,1610612739,Shaquille O'Neal,0,CLE,38,53,53,1240,262,463,0.566,0,1,0,112,226,0.496,93,262,355,80,15,62,105,169,636,13.735849056603774
406,2010-11,00,1610612738,Shaquille O'Neal,0,BOS,39,37,36,752,134,201,0.667,0,0,0,73,131,0.557,48,130,178,26,16,42,56,120,341,11.405405405405405
252,1985-86,00,1610612762,Karl Malone,0,UTH,22,81,76,2475,504,1016,0.496,0,2,0,195,405,0.481,174,544,718,236,105,44,279,295,1203,16.11111111111111
252,1986-87,00,1610612762,Karl Malone,0,UTH,23,82,82,2857,728,1422,0.512,0,7,0,323,540,0.598,278,577,855,158,104,60,237,323,1779,22.048780487804876
252,1987-88,00,1610612762,Karl Malone,0,UTH,24,82,82,3198,858,1650,0.52,0,5,0,552,789,0.7,277,709,986,199,117,50,325,296,2268,27.634146341463413
252,1988-89,00,1610612762,Karl Malone,0,UTH,25,80,80,3126,809,1559,0.519,5,16,0.313,703,918,0.766,259,594,853,219,144,70,285,286,2326,29.525
252,1989-90,00,1610612762,Karl Malone,0,UTH,26,82,82,3122,914,1627,0.562,16,43,0.372,696,913,0.762,232,679,911,226,121,50,304,259,2540,31.878048780487806
252,1990-91,00,1610612762,Karl Malone,0,UTH,27,82,82,3302,847,1608,0.527,4,14,0.286,684,888,0.77,236,731,967,270,89,79,244,268,2382,31.43902439
252,1991-92,00,1610612762,Karl Malone,0,UTH,28,81,81,3054,798,1516,0.526,3,17,0.176,673,865,0.778,225,684,909,241,108,51,248,226,2272,29.91358024691358
252,1992-93,00,1610612762,Karl Malone,0,UTH,29,82,82,3099,797,1443,0.552,4,20,0.2,619,836,0.74,227,692,919,308,124,85,240,261,2217,31.097560975609756
252,1993-94,00,1610612762,Karl Malone,0,UTH,30,82,82,3329,772,1552,0.497,8,32,0.25,511,736,0.694,235,705,940,328,125,126,234,268,2063,28.573170731707318
252,1994-95,00,1610612762,Karl Malone,0,UTH,31,82,82,3126,830,1548,0.536,11,41,0.268,516,695,0.742,156,715,871,285,129,85,236,269,2187,29.56097561
252,1995-96,00,1610612762,Karl Malone,0,UTH,32,82,82,3113,789,1520,0.519,16,40,0.4,512,708,0.723,175,629,804,345,138,56,199,245,2106,28.329268292682926
252,1996-97,00,1610612762,Karl Malone,1,UTA,33,82,82,2998,864,1571,0.55,0,13,0,521,690,0.755,193,616,809,368,113,48,233,217,2249,30.21951219512195
252,1997-98,00,1610612762,Karl Malone,0,UTA,34,81,81,3030,780,1472,0.53,2,6,0.333,628,825,0.761,189,645,834,316,96,70,247,237,2190,29.25925925925926
252,1998-99,00,1610612762,Karl Malone,1,UTA,35,49,49,1832,393,797,0.493,0,1,0,378,480,0.788,107,356,463,201,62,28,162,134,1164,25.510204081632654
252,1999-00,00,1610612762,Karl Malone,0,UTA,36,82,82,2947,752,1476,0.509,2,8,0.25,589,739,0.797,169,610,779,304,79,71,231,229,2095,27.109756097560975
252,2000-01,00,1610612762,Karl Malone,0,UTA,37,81,81,2895,670,1345,0.498,2,5,0.4,536,676,0.793,114,555,669,361,93,62,244,216,1878,24.74074074074074
252,2001-02,00,1610612762,Karl Malone,0,UTA,38,80,80,3040,635,1399,0.454,9,25,0.36,509,639,0.797,142,544,686,341,152,59,263,229,1788,23.3625
252,2002-03,00,1610612762,Karl Malone,0,UTA,39,81,81,2936,595,1289,0.462,3,14,0.214,474,621,0.763,113,515,628,379,136,31,210,204,1667,22.098765432098766
252,2003-04,00,1610612747,Karl Malone,0,LAL,40,42,42,1373,193,400,0.483,0,1,0,168,225,0.747,61,306,367,163,50,20,103,116,554,18.738095238095237
893,1984-85,00,1610612741,Michael Jordan,0,CHI,22,82,82,3144,837,1625,0.515,9,52,0.173,630,746,0.845,167,367,534,481,196,69,291,285,2313,29.24390243902439
893,1985-86,00,1610612741,Michael Jordan,0,CHI,23,18,7,451,150,328,0.457,3,18,0.167,105,125,0.84,23,41,64,53,37,21,45,46,408,18.88888888888889
893,1986-87,00,1610612741,Michael Jordan,0,CHI,24,82,82,3281,1098,2279,0.482,12,66,0.182,833,972,0.857,166,264,430,377,236,125,272,237,3041,31.914634146341463
893,1987-88,00,1610612741,Michael Jordan,1,CHI,25,82,82,3311,1069,1998,0.535,7,53,0.132,723,860,0.841,139,310,449,485,259,131,252,270,2868,35.048780487804876
893,1988-89,00,1610612741,Michael Jordan,0,CHI,26,81,81,3255,966,1795,0.538,27,98,0.276,674,793,0.85,149,503,652,650,234,65,290,247,2633,36.98765432098765
893,1989-90,00,1610612741,Michael Jordan,0,CHI,27,82,82,3197,1034,1964,0.526,92,245,0.376,593,699,0.848,143,422,565,519,227,54,247,241,2753,34.573170731707314
893,1990-91,00,1610612741,Michael Jordan,0,CHI,28,82,82,3034,990,1837,0.539,29,93,0.312,571,671,0.851,118,374,492,453,223,83,202,229,2580,32.707317073170735
893,1991-92,00,1610612741,Michael Jordan,1,CHI,29,80,80,3102,943,1818,0.519,27,100,0.27,491,590,0.832,91,420,511,489,182,75,200,201,2404,31.0875
893,1992-93,00,1610612741,Michael Jordan,0,CHI,30,78,78,3067,992,2003,0.495,81,230,0.352,476,569,0.837,135,387,522,428,221,61,207,188,2541,31.564102564102566
893,1994-95,00,1610612741,Michael Jordan,0,CHI,32,17,17,668,166,404,0.411,16,32,0.5,109,136,0.801,25,92,117,90,30,13,35,47,457,23.941176470588236
893,1995-96,00,1610612741,Michael Jordan,1,CHI,33,82,82,3090,916,1850,0.495,111,260,0.427,548,657,0.834,148,395,543,352,180,42,197,195,2491,28.878048780487806
893,1996-97,00,1610612741,Michael Jordan,0,CHI,34,82,82,3109,920,1892,0.486,111,297,0.374,480,576,0.833,113,369,482,352,140,44,166,156,2431,27.01219512195122
893,1997-98,00,1610612741,Michael Jordan,1,CHI,35,82,82,3181,881,1893,0.465,30,126,0.238,565,721,0.784,130,345,475,283,141,45,185,151,2357,23.75609756097561
893,2001-02,00,1610612764,Michael Jordan,0,WAS,39,60,53,2089,551,1324,0.416,10,53,0.189,263,333,0.79,50,289,339,310,85,26,162,119,1375,18.833333333333332
893,2002-03,00,1610612764,Michael Jordan,0,WAS,40,82,67,3031,679,1527,0.445,16,55,0.291,266,324,0.821,71,426,497,311,123,39,173,171,1640,18.670731707317074
764,1989-90,00,1610612759,David Robinson,0,SAN,24,82,81,3002,690,1300,0.531,0,2,0,613,837,0.732,303,680,983,164,138,319,257,259,1993,30.56097561
764,1990-91,00,1610612759,David Robinson,0,SAN,25,82,81,3095,754,1366,0.552,1,7,0.143,592,777,0.762,335,728,1063,208,127,320,270,264,2101,33.56097561
764,1991-92,00,1610612759,David Robinson,0,SAN,26,68,68,2564,592,1074,0.551,1,8,0.125,393,561,0.701,261,568,829,181,158,305,182,219,1578,32.63235294117647
764,1992-93,00,1610612759,David Robinson,0,SAN,27,82,82,3211,676,1348,0.501,3,17,0.176,561,766,0.732,229,727,956,301,127,264,241,239,1916,29.829268292682926
764,1993-94,00,1610612759,David Robinson,0,SAN,28,80,80,3241,840,1658,0.507,10,29,0.345,693,925,0.749,241,614,855,381,139,265,253,228,2383,34
764,1994-95,00,1610612759,David Robinson,1,SAN,29,81,81,3074,788,1487,0.53,6,20,0.3,656,847,0.774,234,643,877,236,134,262,233,230,2238,32.39506172839506
764,1995-96,00,1610612759,David Robinson,0,SAN,30,82,82,3019,711,1378,0.516,3,9,0.333,626,823,0.761,319,681,1000,247,111,271,190,262,2051,32.02439024390244
764,1996-97,00,1610612759,David Robinson,0,SAS,31,6,6,147,36,72,0.5,0,0,0,34,52,0.654,19,32,51,8,6,6,8,9,106,19.166666666666668
764,1997-98,00,1610612759,David Robinson,0,SAS,32,73,73,2457,544,1065,0.511,1,4,0.25,485,660,0.735,239,536,775,199,64,192,202,204,1574,26.10958904109589
764,1998-99,00,1610612759,David Robinson,0,SAS,33,49,49,1554,268,527,0.509,0,1,0,239,363,0.658,148,344,492,103,69,119,108,143,775,21.775510204081634
764,1999-00,00,1610612759,David Robinson,0,SAS,34,80,80,2557,528,1031,0.512,0,2,0,371,511,0.726,193,577,770,142,97,183,164,247,1427,22.65
764,2000-01,00,1610612759,David Robinson,0,SAS,35,80,80,2371,400,823,0.486,0,1,0,351,470,0.747,208,483,691,116,80,197,122,212,1151,19.6375
764,2001-02,00,1610612759,David Robinson,0,SAS,36,78,78,2305,341,672,0.507,0,0,0,269,395,0.681,191,456,647,94,86,140,104,193,951,17.397435897435898
764,2002-03,00,1610612759,David Robinson,0,SAS,37,64,64,1676,197,420,0.469,0,0,0,152,214,0.71,163,345,508,61,52,111,83,126,546,14.21875
165,1984-85,00,1610612745,Hakeem Olajuwon,0,HOU,22,82,82,2914,677,1258,0.538,0,0,0,338,551,0.613,440,534,974,111,99,220,234,344,1692,25.21951219512195
165,1985-86,00,1610612745,Hakeem Olajuwon,0,HOU,23,68,68,2467,625,1188,0.526,0,0,0,347,538,0.645,333,448,781,137,134,231,195,271,1597,28.397058823529413
165,1986-87,00,1610612745,Hakeem Olajuwon,0,HOU,24,75,75,2760,677,1332,0.508,1,5,0.2,400,570,0.702,315,543,858,220,140,254,228,294,1755,28.986666666666668
165,1987-88,00,1610612745,Hakeem Olajuwon,0,HOU,25,79,79,2825,712,1385,0.514,0,4,0,381,548,0.695,302,657,959,163,162,214,243,324,1805,28.10126582278481
165,1988-89,00,1610612745,Hakeem Olajuwon,0,HOU,26,82,82,3024,790,1556,0.508,0,10,0,454,652,0.696,338,767,1105,149,213,282,275,329,2034,31.024390243902438
165,1989-90,00,1610612745,Hakeem Olajuwon,0,HOU,27,82,82,3124,806,1609,0.501,1,6,0.167,382,536,0.713,299,850,1149,234,174,376,316,314,1995,32.37804878
165,1990-91,00,1610612745,Hakeem Olajuwon,0,HOU,28,56,50,2062,487,959,0.508,0,4,0,213,277,0.769,219,551,770,131,121,221,174,221,1187,30.714285714285715
165,1991-92,00,1610612745,Hakeem Olajuwon,0,HOU,29,70,69,2636,591,1177,0.502,0,1,0,328,428,0.766,246,599,845,157,127,304,187,263,1510,29.571428571428573
165,1992-93,00,1610612745,Hakeem Olajuwon,0,HOU,30,82,82,3242,848,1603,0.529,0,8,0,444,570,0.779,283,785,1068,291,150,342,262,305,2140,34.73170731707317
165,1993-94,00,1610612745,Hakeem Olajuwon,1,HOU,31,80,80,3277,894,1694,0.528,8,19,0.421,388,542,0.716,229,726,955,287,128,297,271,289,2184,32.825
165,1994-95,00,1610612745,Hakeem Olajuwon,0,HOU,32,72,72,2853,798,1545,0.517,3,16,0.188,406,537,0.756,172,603,775,255,133,242,237,250,2005,31.875
165,1995-96,00,1610612745,Hakeem Olajuwon,0,HOU,33,72,72,2797,768,1494,0.514,3,14,0.214,397,548,0.724,176,608,784,257,113,207,247,242,1936,30.180555555555557
165,1996-97,00,1610612745,Hakeem Olajuwon,0,HOU,34,78,78,2851,727,1426,0.51,5,16,0.313,351,446,0.787,173,543,716,236,117,173,281,249,1810,25.346153846153847
165,1997-98,00,1610612745,Hakeem Olajuwon,0,HOU,35,47,45,1633,306,633,0.483,0,3,0,160,212,0.755,116,344,460,143,84,96,126,152,772,22.340425531914892
165,1998-99,00,1610612745,Hakeem Olajuwon,0,HOU,36,50,50,1784,373,725,0.514,4,13,0.308,195,272,0.717,106,372,478,88,82,123,139,160,945,22.96
165,1999-00,00,1610612745,Hakeem Olajuwon,0,HOU,37,44,28,1049,193,421,0.458,0,2,0,69,112,0.616,65,209,274,61,41,70,73,88,455,12.659090909090908
165,2000-01,00,1610612745,Hakeem Olajuwon,0,HOU,38,58,55,1545,283,568,0.498,0,1,0,123,198,0.621,124,307,431,72,70,88,81,141,689,15.672413793103448
165,2001-02,00,1610612761,Hakeem Olajuwon,0,TOR,39,61,37,1375,194,418,0.464,0,2,0,47,84,0.56,98,268,366,66,74,90,98,147,435,11.01639344262295
787,1984-85,00,1610612755,Charles Barkley,0,PHL,22,82,60,2347,427,783,0.545,1,6,0.167,293,400,0.733,266,437,703,155,95,80,209,301,1148,18.402439024390244
787,1985-86,00,1610612755,Charles Barkley,0,PHL,23,80,80,2952,595,1041,0.572,17,75,0.227,396,578,0.685,354,672,1026,312,173,125,350,333,1603,28.2625
787,1986-87,00,1610612755,Charles Barkley,0,PHL,24,68,62,2740,557,937,0.594,21,104,0.202,429,564,0.761,390,604,994,331,119,104,322,252,1564,33.455882352941174
787,1987-88,00,1610612755,Charles Barkley,0,PHL,25,80,80,3170,753,1283,0.587,44,157,0.28,714,951,0.751,385,566,951,254,100,103,304,278,2264,32.5125
787,1988-89,00,1610612755,Charles Barkley,0,PHL,26,79,79,3088,700,1208,0.579,35,162,0.216,602,799,0.753,403,583,986,325,126,67,254,262,2037,32.68354430379747
787,1989-90,00,1610612755,Charles Barkley,0,PHL,27,79,79,3085,706,1177,0.6,20,92,0.217,557,744,0.749,361,548,909,307,148,50,243,250,1989,31.670886075949365
787,1990-91,00,1610612755,Charles Barkley,0,PHL,28,67,67,2498,665,1167,0.57,44,155,0.284,475,658,0.722,258,422,680,284,110,33,210,173,1849,30.761194029850746
787,1991-92,00,1610612755,Charles Barkley,0,PHL,29,75,75,2881,622,1126,0.552,32,137,0.234,454,653,0.695,271,559,830,308,136,44,235,196,1730,28.133333333333333
787,1992-93,00,1610612756,Charles Barkley,1,PHX,30,76,76,2859,716,1376,0.52,67,220,0.305,445,582,0.765,237,691,928,385,119,74,233,196,1944,31.842105263157894
787,1993-94,00,1610612756,Charles Barkley,0,PHX,31,65,65,2298,518,1046,0.495,48,178,0.27,318,452,0.704,198,529,727,296,101,37,206,160,1402,26.076923076923077
787,1994-95,00,1610612756,Charles Barkley,0,PHX,32,68,66,2382,554,1141,0.486,74,219,0.338,379,507,0.748,203,553,756,276,110,45,150,201,1561,27.691176470588236
787,1995-96,00,1610612756,Charles Barkley,0,PHX,33,71,71,2632,580,1160,0.5,49,175,0.28,440,566,0.777,243,578,821,262,114,56,218,208,1649,27.859154929577464
787,1996-97,00,1610612745,Charles Barkley,0,HOU,34,53,53,2010,335,692,0.484,58,205,0.283,288,415,0.694,212,504,716,248,69,25,151,153,1016,27.150943396226417
787,1997-98,00,1610612745,Charles Barkley,0,HOU,35,68,41,2243,361,744,0.485,18,84,0.214,296,397,0.746,241,553,794,217,71,28,147,187,1036,22.279411764705884
787,1998-99,00,1610612745,Charles Barkley,0,HOU,36,42,40,1526,240,502,0.478,4,25,0.16,192,267,0.719,167,349,516,192,43,13,100,89,676,23.88095238095238
787,1999-00,00,1610612745,Charles Barkley,0,HOU,37,20,18,620,106,222,0.477,6,26,0.231,71,110,0.645,71,138,209,63,14,4,44,48,289,19
77142,1979-80,00,1610612747,Magic Johnson,0,LAL,20,77,72,2795,503,949,0.53,7,31,0.226,374,462,0.81,166,430,596,563,187,41,305,218,1387,25.12987012987013
77142,1980-81,00,1610612747,Magic Johnson,0,LAL,21,37,35,1371,312,587,0.532,3,17,0.176,171,225,0.76,101,219,320,317,127,27,143,100,798,30.18918918918919
77142,1981-82,00,1610612747,Magic Johnson,0,LAL,22,78,77,2991,556,1036,0.537,6,29,0.207,329,433,0.76,252,499,751,743,208,34,286,223,1447,29.653846153846153
77142,1982-83,00,1610612747,Magic Johnson,0,LAL,23,79,79,2907,511,933,0.548,0,21,0,304,380,0.8,214,469,683,829,176,47,301,200,1326,28.632911392405063
77142,1983-84,00,1610612747,Magic Johnson,0,LAL,24,67,66,2567,441,780,0.565,6,29,0.207,290,358,0.81,99,392,491,875,150,49,306,169,1178,30.29850746268657
77142,1984-85,00,1610612747,Magic Johnson,0,LAL,25,77,77,2781,504,899,0.561,7,37,0.189,391,464,0.843,90,386,476,968,113,25,305,155,1406,28.766233766233768
77142,1985-86,00,1610612747,Magic Johnson,0,LAL,26,72,70,2578,483,918,0.526,10,43,0.233,378,434,0.871,85,341,426,907,113,16,273,133,1354,28.5
77142,1986-87,00,1610612747,Magic Johnson,1,LAL,27,80,80,2904,683,1308,0.522,8,39,0.205,535,631,0.848,122,382,504,977,138,36,300,168,1909,31.7875
77142,1987-88,00,1610612747,Magic Johnson,0,LAL,28,72,70,2637,490,996,0.492,11,56,0.196,417,489,0.853,88,361,449,858,114,13,269,147,1408,27.708333333333332
77142,1988-89,00,1610612747,Magic Johnson,1,LAL,29,77,77,2886,579,1137,0.509,59,188,0.314,513,563,0.911,111,496,607,988,138,22,312,172,1730,33.311688311688314
77142,1989-90,00,1610612747,Magic Johnson,1,LAL,30,79,79,2937,546,1138,0.48,106,276,0.384,567,637,0.89,128,394,522,907,132,34,289,167,1765,30.49367088607595
77142,1990-91,00,1610612747,Magic Johnson,0,LAL,31,79,79,2933,466,976,0.477,80,250,0.32,519,573,0.906,105,446,551,989,102,17,314,150,1531,29.265822784810126
77142,1995-96,00,1610612747,Magic Johnson,0,LAL,36,32,9,958,137,294,0.466,22,58,0.379,172,201,0.856,40,143,183,220,26,13,103,48,468,19.40625
1449,1979-80,00,1610612738,Larry Bird,0,BOS,23,82,82,2955,693,1463,0.474,58,143,0.406,301,360,0.836,216,636,852,370,143,53,263,279,1745,25.25609756097561
1449,1980-81,00,1610612738,Larry Bird,0,BOS,24,82,82,3239,719,1503,0.478,20,74,0.27,283,328,0.863,191,704,895,451,161,63,289,239,1741,26.74390243902439
1449,1981-82,00,1610612738,Larry Bird,0,BOS,25,77,58,2923,711,1414,0.503,11,52,0.212,328,380,0.863,200,637,837,447,143,66,254,244,1761,29.155844155844157
1449,1982-83,00,1610612738,Larry Bird,0,BOS,26,79,79,2982,747,1481,0.504,22,77,0.286,351,418,0.84,193,677,870,458,148,71,240,197,1867,30.037974683544302
1449,1983-84,00,1610612738,Larry Bird,1,BOS,27,79,77,3028,758,1542,0.492,18,73,0.247,374,421,0.888,181,615,796,520,144,69,237,197,1908,29.98734177
1449,1984-85,00,1610612738,Larry Bird,1,BOS,28,80,77,3161,918,1760,0.522,56,131,0.427,403,457,0.882,164,678,842,531,129,98,248,208,2295,34.3875
1449,1985-86,00,1610612738,Larry Bird,1,BOS,29,82,81,3113,796,1606,0.496,82,194,0.423,441,492,0.896,190,615,805,557,166,51,266,182,2115,31.304878048780488
1449,1986-87,00,1610612738,Larry Bird,0,BOS,30,74,73,3005,786,1497,0.525,90,225,0.4,414,455,0.91,124,558,682,566,135,70,240,185,2076,34.28378378378378
1449,1987-88,00,1610612738,Larry Bird,0,BOS,31,76,75,2965,881,1672,0.527,98,237,0.414,415,453,0.916,108,595,703,467,125,57,213,157,2275,34.01315789473684
1449,1988-89,00,1610612738,Larry Bird,0,BOS,32,6,6,189,49,104,0.471,0,0,0,18,19,0.947,1,36,37,29,6,5,11,18,116,21
1449,1989-90,00,1610612738,Larry Bird,0,BOS,33,75,75,2944,718,1517,0.473,65,195,0.333,319,343,0.93,90,622,712,562,106,61,243,173,1820,29.266666666666666
1449,1990-91,00,1610612738,Larry Bird,0,BOS,34,60,60,2277,462,1017,0.454,77,198,0.389,163,183,0.891,53,456,509,431,108,58,187,118,1164,25.133333333333333
1449,1991-92,00,1610612738,Larry Bird,0,BOS,35,45,45,1662,353,758,0.466,52,128,0.406,150,162,0.926,46,388,434,306,42,33,125,82,908,26.244444444444444
77449,1976-77,00,0,Moses Malone,0,TOT,22,82,70,2506,389,810,0.48,0,0,0,305,440,0.693,437,635,1072,89,67,181,0,275,1083,23.609756097560975
77449,1977-78,00,1610612745,Moses Malone,0,HOU,23,59,59,2107,413,828,0.499,0,0,0,318,443,0.718,380,506,886,31,48,76,220,179,1144,24.152542372881356
77449,1978-79,00,1610612745,Moses Malone,1,HOU,24,82,82,3390,716,1325,0.54,0,0,0,599,811,0.739,587,857,1444,147,79,119,326,223,2031,32.59756097560975
77449,1979-80,00,1610612745,Moses Malone,0,HOU,25,82,82,3140,778,1549,0.502,0,6,0,563,783,0.719,573,617,1190,147,80,107,300,210,2119,28.682926829268293
77449,1980-81,00,1610612745,Moses Malone,0,HOU,26,80,80,3245,806,1545,0.522,1,3,0.333,609,804,0.757,474,706,1180,141,83,150,308,223,2222,31.675
77449,1981-82,00,1610612745,Moses Malone,1,HOU,27,81,81,3398,945,1822,0.519,0,6,0,630,827,0.762,558,630,1188,142,76,125,294,208,2520,33.123456790123456
77449,1982-83,00,1610612755,Moses Malone,1,PHL,28,78,78,2922,654,1305,0.501,0,1,0,600,788,0.761,445,749,1194,101,89,157,264,206,1908,30.076923076923077
77449,1983-84,00,1610612755,Moses Malone,0,PHL,29,71,71,2613,532,1101,0.483,0,4,0,545,727,0.75,352,598,950,96,71,110,250,188,1609,25.845070422535212
77449,1984-85,00,1610612755,Moses Malone,0,PHL,30,79,79,2957,602,1284,0.469,0,2,0,737,904,0.815,385,646,1031,130,67,123,286,216,1941,27.303797468354432
77449,1985-86,00,1610612755,Moses Malone,0,PHL,31,74,74,2706,571,1246,0.458,0,1,0,617,784,0.787,339,533,872,90,67,71,261,194,1759,23.72972972972973
77449,1986-87,00,1610612764,Moses Malone,0,WAS,32,73,70,2488,595,1311,0.454,0,11,0,570,692,0.824,340,484,824,120,59,92,202,139,1760,24.863013698630137
77449,1987-88,00,1610612764,Moses Malone,0,WAS,33,79,78,2692,531,1090,0.487,2,7,0.286,543,689,0.788,372,512,884,112,59,72,249,160,1607,22.531645569620252
77449,1988-89,00,1610612737,Moses Malone,0,ATL,34,81,80,2878,538,1096,0.491,0,12,0,561,711,0.789,386,570,956,112,79,100,245,154,1637,23.839506172839506
77449,1989-90,00,1610612737,Moses Malone,0,ATL,35,81,81,2735,517,1077,0.48,1,9,0.111,493,631,0.781,364,448,812,130,47,84,232,158,1528,20.62962962962963
77449,1990-91,00,1610612737,Moses Malone,0,ATL,36,82,15,1912,280,598,0.468,0,7,0,309,372,0.831,271,396,667,68,30,74,137,134,869,14.512195121951219
77449,1991-92,00,1610612749,Moses Malone,0,MIL,37,82,77,2511,440,929,0.474,3,8,0.375,396,504,0.786,320,424,744,93,74,64,150,136,1279,18.378048780487806
77449,1992-93,00,1610612749,Moses Malone,0,MIL,38,11,0,104,13,42,0.31,0,0,0,24,31,0.774,22,24,46,7,1,8,10,6,50,6
77449,1993-94,00,1610612755,Moses Malone,0,PHL,39,55,0,618,102,232,0.44,0,1,0,90,117,0.769,106,120,226,34,11,17,59,52,294,6.654545454545454
77449,1994-95,00,1610612759,Moses Malone,0,SAN,40,17,0,149,13,35,0.371,1,2,0.5,22,32,0.688,20,26,46,6,2,3,11,15,49,3.7058823529411766
76681,1976-77,00,1610612755,Julius Erving,0,PHL,27,82,0,2940,685,1373,0.499,0,0,0,400,515,0.777,192,503,695,306,159,113,0,251,1770,27.317073170731707
76681,1977-78,00,1610612755,Julius Erving,0,PHL,28,74,0,2429,611,1217,0.502,0,0,0,306,362,0.845,179,302,481,279,135,97,238,207,1528,21.89189189189189
76681,1978-79,00,1610612755,Julius Erving,0,PHL,29,78,0,2802,715,1455,0.491,0,0,0,373,501,0.745,198,366,564,357,133,100,315,207,1803,22.743589743589745
76681,1979-80,00,1610612755,Julius Erving,0,PHL,30,78,0,2812,838,1614,0.519,4,20,0.2,420,534,0.787,215,361,576,355,170,140,284,208,2100,27.78205128205128
76681,1980-81,00,1610612755,Julius Erving,1,PHL,31,82,0,2874,794,1524,0.521,4,18,0.222,422,536,0.787,244,413,657,364,173,147,266,233,2014,27.378048780487806
76681,1981-82,00,1610612755,Julius Erving,0,PHL,32,81,81,2789,780,1428,0.546,3,11,0.273,411,539,0.763,220,337,557,319,161,141,214,229,1974,26.691358024691358
76681,1982-83,00,1610612755,Julius Erving,0,PHL,33,72,72,2421,605,1170,0.517,2,7,0.286,330,435,0.759,173,318,491,263,112,131,196,202,1542,23.23611111111111
76681,1983-84,00,1610612755,Julius Erving,0,PHL,34,77,77,2683,678,1324,0.512,7,21,0.333,364,483,0.754,190,342,532,309,141,139,230,217,1727,24.064935064935064
76681,1984-85,00,1610612755,Julius Erving,0,PHL,35,78,78,2535,610,1236,0.494,3,14,0.214,338,442,0.765,172,242,414,233,135,109,208,199,1561,19.41025641025641
76681,1985-86,00,1610612755,Julius Erving,0,PHL,36,74,74,2474,521,1085,0.48,9,32,0.281,289,368,0.785,169,201,370,248,113,82,214,196,1340,17.513513513513512
76681,1986-87,00,1610612755,Julius Erving,0,PHL,37,60,60,1918,400,850,0.471,14,53,0.264,191,235,0.813,115,149,264,191,76,94,158,137,1005,16.3
76003,1969-70,00,1610612749,Kareem Abdul-Jabbar,0,MIL,23,82,0,3534,938,1810,0.518,0,0,0,485,743,0.653,0,0,1190,337,0,0,0,283,2361,33.63414634146341
76003,1970-71,00,1610612749,Kareem Abdul-Jabbar,1,MIL,24,82,82,3288,1063,1843,0.577,0,0,0,470,681,0.69,0,0,1311,272,0,0,0,264,2596,38.87804878
76003,1971-72,00,1610612749,Kareem Abdul-Jabbar,1,MIL,25,81,81,3583,1159,2019,0.574,0,0,0,504,732,0.689,0,0,1346,370,0,0,0,235,2822,42.592592592592595
76003,1972-73,00,1610612749,Kareem Abdul-Jabbar,0,MIL,26,76,76,3254,982,1772,0.554,0,0,0,328,460,0.713,0,0,1224,379,0,0,0,208,2292,39.11842105263158
76003,1973-74,00,1610612749,Kareem Abdul-Jabbar,1,MIL,27,81,81,3548,948,1759,0.539,0,0,0,295,420,0.702,287,891,1178,386,112,283,0,238,2191,39.67901234567901
76003,1974-75,00,1610612749,Kareem Abdul-Jabbar,0,MIL,28,65,64,2747,812,1584,0.513,0,0,0,325,426,0.763,194,718,912,264,65,212,0,205,1949,38.90769230769231
76003,1975-76,00,1610612747,Kareem Abdul-Jabbar,1,LAL,29,82,82,3379,914,1728,0.529,0,0,0,447,636,0.703,272,1111,1383,413,119,338,0,292,2275,42.98780487804878
76003,1976-77,00,1610612747,Kareem Abdul-Jabbar,1,LAL,30,82,82,3016,888,1533,0.579,0,0,0,376,536,0.701,266,824,1090,319,101,261,0,262,2152,38.02439024390244
76003,1977-78,00,1610612747,Kareem Abdul-Jabbar,0,LAL,31,62,62,2265,663,1205,0.55,0,0,0,274,350,0.783,186,615,801,269,103,185,208,182,1600,34.38709677419355
76003,1978-79,00,1610612747,Kareem Abdul-Jabbar,0,LAL,32,80,80,3157,777,1347,0.577,0,0,0,349,474,0.736,207,818,1025,431,76,316,282,230,1903,34.675
76003,1979-80,00,1610612747,Kareem Abdul-Jabbar,1,LAL,33,82,81,3143,835,1383,0.604,0,1,0,364,476,0.765,190,696,886,371,81,280,297,216,2034,32.86585365853659
76003,1980-81,00,1610612747,Kareem Abdul-Jabbar,0,LAL,34,80,80,2976,836,1457,0.574,0,1,0,423,552,0.766,197,624,821,272,59,228,249,244,2095,30.95
76003,1981-82,00,1610612747,Kareem Abdul-Jabbar,0,LAL,35,76,76,2677,753,1301,0.579,0,3,0,312,442,0.706,172,487,659,225,63,207,230,224,1818,27.157894736842106
76003,1982-83,00,1610612747,Kareem Abdul-Jabbar,0,LAL,36,79,79,2554,722,1228,0.588,0,2,0,278,371,0.749,167,425,592,200,61,170,200,220,1722,24.632911392405063
76003,1983-84,00,1610612747,Kareem Abdul-Jabbar,0,LAL,37,80,80,2622,716,1238,0.578,0,1,0,285,394,0.723,169,418,587,211,55,143,221,211,1717,23.2625
76003,1984-85,00,1610612747,Kareem Abdul-Jabbar,0,LAL,38,79,79,2630,723,1207,0.599,0,1,0,289,395,0.732,162,460,622,249,63,162,197,238,1735,25.873417721518987
76003,1985-86,00,1610612747,Kareem Abdul-Jabbar,0,LAL,39,79,79,2629,755,1338,0.564,0,2,0,336,439,0.765,133,345,478,280,67,130,203,248,1846,24.20253164556962
76003,1986-87,00,1610612747,Kareem Abdul-Jabbar,0,LAL,40,78,78,2441,560,993,0.564,1,3,0.333,245,343,0.714,152,371,523,203,49,97,186,245,1366,19.5
76003,1987-88,00,1610612747,Kareem Abdul-Jabbar,0,LAL,41,80,80,2308,480,903,0.532,0,1,0,205,269,0.762,118,360,478,135,48,92,159,216,1165,15.9
76003,1988-89,00,1610612747,Kareem Abdul-Jabbar,0,LAL,42,74,74,1695,313,659,0.475,0,3,0,122,165,0.739,103,231,334,74,38,85,95,196,748,10.743243243243244
